[
    {
        "Id": 1,
        "ImageName": "lob2a1gpoxeyo68lz97c7hacj.png",
        "Description": null,
        "PlayerId": 1,
        "RoomId": 1,
        "PlayerEventId": null,
        "CreatedAt": "2017-07-22T02:33:40.9233333Z",
        "CheerCount": 0,
        "CommentCount": 0
    },
    {
        "Id": 2,
        "ImageName": "player/2/3trhejryg8jxje6jdcuncn8dt.png",
        "Description": null,
        "PlayerId": 2,
        "RoomId": 8,
        "PlayerEventId": null,
        "CreatedAt": "2017-07-22T02:33:40.9233333Z",
        "CheerCount": 0,
        "CommentCount": 0
    }
]