{
    "ChallengeMapId" : 1,
    "Challenges" : [
       {
          "ChallengeId" : 0,
          "Complete" : false,
          "Config" : "{\"ct\":1,\"c\":false,\"ipc\":true}",
          "Description" : "play wii sport",
          "Name" : "play wii sport",
          "Tooltip" : ""
       },
       {
          "ChallengeId" : 1,
          "Complete" : false,
          "Config" : "{\"ct\":11,\"c\":false,\"ipc\":false}",
          "Description" : "Complete the Rise of Jumbotron quest.",
          "Name" : "Complete the Rise of Jumbotron quest.",
          "Tooltip" : ""
       },
       {
          "ChallengeId" : 2,
          "Complete" : false,
          "Config" : "{\"ct\":11,\"c\":false,\"ipc\":false}",
          "Description" : "Complete a game of Disc Golf under par.",
          "Name" : "Complete a game of Disc Golf under par.",
          "Tooltip" : ""
       },
       {
          "ChallengeId" : 3,
          "Complete" : false,
          "Config" : "{\"ct\":11,\"c\":true,\"ipc\":false}",
          "Description" : "Go on 5 Hitstreaks in Paintball",
          "Name" : "Go on 5 Hitstreaks in Paintball",
          "Tooltip" : ""
       },
       {
          "ChallengeId" : 4,
          "Complete" : false,
          "Config" : "{\"ct\":11,\"c\":true,\"ipc\":true}",
          "Description" : "Eliminate 5 opponents in fortnite bootleg game",
          "Name" : "play fortnite",
          "Tooltip" : ""
       }
    ],
    "CompletedRequired" : false,
    "EndAt" : "2024-07-09T00:00:00+00:00",
    "FallbackGiftName" : "WaterBottle",
    "Gift" : {
       "AvatarItemDesc" : "",
       "AvatarItemType" : null,
       "ConsumableItemDesc" : "Water bottle",
       "EquipmentModificationGuid" : "",
       "EquipmentPrefabName" : "[WaterBottle]",
       "GiftDropId" : 1,
       "Level" : 1,
       "StorefrontType" : 0,
       "Xp" : 0
    },
    "ServerTime" : "2024-07-02T11:22:56.9784594+00:00",
    "StartAt" : "0001-01-01T00:00:00"
 }
 