[
  {
    "playerId": 1,
    "statusVisibility": 3,
    "platform": -1,
    "deviceClass": 0,
    "vrMovementMode": 0,
    "roomInstance": null,
    "lastOnline": "2024-02-24T19:11:11.2029552",
    "isOnline": true,
    "appVersion": 20210804
  },
  {
    "playerId": 2,
    "statusVisibility": 3,
    "platform": -1,
    "deviceClass": 0,
    "vrMovementMode": 0,
    "roomInstance": {
      "roomInstanceId": 570503287,
      "roomId": 5,
      "subRoomId": 5,
      "location": "76d98498-60a1-430c-ab76-b54a29b7a163",
      "roomInstanceType": 0,
      "photonRegionId": "us",
      "photonRegion": "us",
      "photonRoomId": "ZenexServer-DormRoom55",
      "name": "@Zenex's DormRoom",
      "maxCapacity": 4,
      "isFull": false,
      "isPrivate": false,
      "isInProgress": false,
      "matchmakingPolicy": 0
    },
    "lastOnline": "2024-02-24T19:11:11.2029552",
    "isOnline": true,
    "appVersion": 20210804
  },
  {
    "playerId": 3,
    "statusVisibility": 3,
    "platform": -1,
    "deviceClass": 0,
    "vrMovementMode": 0,
    "roomInstance": {
      "roomInstanceId": 983897321,
      "roomId": 6,
      "subRoomId": 6,
      "location": "76d98498-60a1-430c-ab76-b54a29b7a163",
      "roomInstanceType": 0,
      "photonRegionId": "us",
      "photonRegion": "us",
      "photonRoomId": "ZenexServer-DormRoom66",
      "name": "@Dragon's DormRoom",
      "maxCapacity": 4,
      "isFull": false,
      "isPrivate": false,
      "isInProgress": false,
      "matchmakingPolicy": 0
    },
    "lastOnline": "2024-02-24T19:11:11.2029552",
    "isOnline": true,
    "appVersion": 20210804
  },
  {
    "playerId": 4,
    "statusVisibility": 3,
    "platform": -1,
    "deviceClass": 0,
    "vrMovementMode": 0,
    "roomInstance": null,
    "lastOnline": "2024-02-24T19:11:11.2029552",
    "isOnline": true,
    "appVersion": 20210804
  },
  {
    "playerId": 5,
    "statusVisibility": 3,
    "platform": -1,
    "deviceClass": 0,
    "vrMovementMode": 0,
    "roomInstance": null,
    "lastOnline": "2024-02-24T19:11:11.2029552",
    "isOnline": true,
    "appVersion": 20210804
  },
  {
    "playerId": 6,
    "statusVisibility": 3,
    "platform": -1,
    "deviceClass": 0,
    "vrMovementMode": 0,
    "roomInstance": null,
    "lastOnline": "2024-02-24T19:11:11.2029552",
    "isOnline": true,
    "appVersion": 20210804
  },
  {
    "playerId": 7,
    "statusVisibility": 3,
    "platform": -1,
    "deviceClass": 0,
    "vrMovementMode": 0,
    "roomInstance": {
      "roomInstanceId": 973855866,
      "roomId": 16,
      "subRoomId": 17,
      "location": "76d98498-60a1-430c-ab76-b54a29b7a163",
      "roomInstanceType": 0,
      "photonRegionId": "us",
      "photonRegion": "us",
      "photonRoomId": "OldRecRoom2021-DormRoom1716",
      "name": "@OrangeProtogen 's DormRoom",
      "maxCapacity": 4,
      "isFull": false,
      "isPrivate": false,
      "isInProgress": false,
      "matchmakingPolicy": 0
    },
    "lastOnline": "2024-02-24T19:11:11.2029552",
    "isOnline": true,
    "appVersion": 20210804
  },
  {
    "playerId": 8,
    "statusVisibility": 3,
    "platform": -1,
    "deviceClass": 0,
    "vrMovementMode": 0,
    "roomInstance": {
      "roomInstanceId": 558554481,
      "roomId": 17,
      "subRoomId": 18,
      "location": "76d98498-60a1-430c-ab76-b54a29b7a163",
      "roomInstanceType": 0,
      "photonRegionId": "us",
      "photonRegion": "us",
      "photonRoomId": "OldRecRoom2021-DormRoom1817",
      "name": "@v1hvnxekeyl6aas's DormRoom",
      "maxCapacity": 4,
      "isFull": false,
      "isPrivate": false,
      "isInProgress": false,
      "matchmakingPolicy": 0
    },
    "lastOnline": "2024-07-02T19:10:04.084020",
    "isOnline": true,
    "appVersion": 20210804
  },
  {
    "playerId": 2,
    "statusVisibility": 3,
    "platform": -1,
    "deviceClass": 0,
    "vrMovementMode": 0,
    "roomInstance": {
      "roomInstanceId": 570503287,
      "roomId": 5,
      "subRoomId": 5,
      "location": "76d98498-60a1-430c-ab76-b54a29b7a163",
      "roomInstanceType": 0,
      "photonRegionId": "us",
      "photonRegion": "us",
      "photonRoomId": "ZenexServer-DormRoom55",
      "name": "@Zenex's DormRoom",
      "maxCapacity": 4,
      "isFull": false,
      "isPrivate": false,
      "isInProgress": false,
      "matchmakingPolicy": 0
    },
    "lastOnline": "2024-07-02T16:51:02.719495",
    "isOnline": true,
    "appVersion": 20210804
  },
  {
    "playerId": 3,
    "statusVisibility": 3,
    "platform": -1,
    "deviceClass": 0,
    "vrMovementMode": 0,
    "roomInstance": {
      "roomInstanceId": 983897321,
      "roomId": 6,
      "subRoomId": 6,
      "location": "76d98498-60a1-430c-ab76-b54a29b7a163",
      "roomInstanceType": 0,
      "photonRegionId": "us",
      "photonRegion": "us",
      "photonRoomId": "ZenexServer-DormRoom66",
      "name": "@Dragon's DormRoom",
      "maxCapacity": 4,
      "isFull": false,
      "isPrivate": false,
      "isInProgress": false,
      "matchmakingPolicy": 0
    },
    "lastOnline": "2024-07-03T02:54:22.864021",
    "isOnline": true,
    "appVersion": 20210804
  },
  {
    "playerId": 4,
    "statusVisibility": 3,
    "platform": -1,
    "deviceClass": 0,
    "vrMovementMode": 0,
    "roomInstance": null,
    "lastOnline": "2024-07-03T09:15:22.488177",
    "isOnline": true,
    "appVersion": 20210804
  }
]