[
  {
    "StorefrontType": 2,
    "NextUpdate": "2024-07-09T16:41:58.8159443+00:00",
    "StoreItems": [
      {
        "PurchasableItemId": 149,
        "Type": 0,
        "IsFeatured": false,
        "Prices": [
          {
            "CurrencyType": 2,
            "Price": 450,
            "Type": 0,
            "StorefrontSaleData": null
          }
        ],
        "SubscriberPrices": [
          {
            "CurrencyType": 2,
            "Price": 450,
            "Type": 0,
            "StorefrontSaleData": null
          }
        ],
        "GiftDrop": {
          "GiftDropId": 149,
          "FriendlyName": "Luau Dress (Dahlia)",
          "Tooltip": "",
          "ConsumableItemDesc": "",
          "AvatarItemDesc": "7aa994d2-6499-4918-ab2a-2531c17e27a7,_OM7UNZENEejgO5h7H1ztg,vUgpsaXrO0ak7huhkHqlUA,",
          "EquipmentPrefabName": "",
          "EquipmentModificationGuid": "",
          "IsQuery": false,
          "Unique": true,
          "SubscribersOnly": false,
          "Rarity": 20,
          "CurrencyType": 0,
          "Currency": 0,
          "Context": 0,
          "ItemSetId": 1959199862
        }
      },
      {
        "PurchasableItemId": 572,
        "Type": 0,
        "IsFeatured": false,
        "Prices": [
          {
            "CurrencyType": 2,
            "Price": 0,
            "Type": 0,
            "StorefrontSaleData": null
          }
        ],
        "SubscriberPrices": [
          {
            "CurrencyType": 2,
            "Price": 2500,
            "Type": 0,
            "StorefrontSaleData": null
          }
        ],
        "GiftDrop": {
          "GiftDropId": 572,
          "FriendlyName": "Notes Headphones (Black)",
          "Tooltip": "",
          "ConsumableItemDesc": "",
          "AvatarItemDesc": "UcPo9SsF3EGTCBB2J-Efdw,,,",
          "EquipmentPrefabName": "",
          "EquipmentModificationGuid": "",
          "IsQuery": false,
          "Unique": true,
          "SubscribersOnly": false,
          "Rarity": 50,
          "CurrencyType": 0,
          "Currency": 0,
          "Context": 0,
          "ItemSetId": 2124685154
        }
      },
      {
        "PurchasableItemId": 646,
        "Type": 0,
        "IsFeatured": false,
        "Prices": [
          {
            "CurrencyType": 2,
            "Price": 3000,
            "Type": 0,
            "StorefrontSaleData": null
          }
        ],
        "SubscriberPrices": [
          {
            "CurrencyType": 2,
            "Price": 3000,
            "Type": 0,
            "StorefrontSaleData": null
          }
        ],
        "GiftDrop": {
          "GiftDropId": 646,
          "FriendlyName": "Anime Tiara (Red)",
          "Tooltip": "",
          "ConsumableItemDesc": "",
          "AvatarItemDesc": "hT7nSD7Ts06F_1SNlOMLwg,EDLxuGjEVEGdOPXDqyN-xA,mG60EPIQIkaJNgOkonVmZg,",
          "EquipmentPrefabName": "",
          "EquipmentModificationGuid": "",
          "IsQuery": false,
          "Unique": true,
          "SubscribersOnly": false,
          "Rarity": 50,
          "CurrencyType": 0,
          "Currency": 0,
          "Context": 0,
          "ItemSetId": 1344274245
        }
      },
      {
        "PurchasableItemId": 689,
        "Type": 0,
        "IsFeatured": false,
        "Prices": [
          {
            "CurrencyType": 2,
            "Price": 3000,
            "Type": 0,
            "StorefrontSaleData": null
          }
        ],
        "SubscriberPrices": [
          {
            "CurrencyType": 2,
            "Price": 3000,
            "Type": 0,
            "StorefrontSaleData": null
          }
        ],
        "GiftDrop": {
          "GiftDropId": 689,
          "FriendlyName": "Royal Crown (Black)",
          "Tooltip": "",
          "ConsumableItemDesc": "",
          "AvatarItemDesc": "40734c4d-e1fe-426c-8921-930f7463d8e8,QkfA71-1z0qOiZAVrbzhtA,hCeaYHy1TE2s6rTPxAQP9A,",
          "EquipmentPrefabName": "",
          "EquipmentModificationGuid": "",
          "IsQuery": false,
          "Unique": true,
          "SubscribersOnly": false,
          "Rarity": 50,
          "CurrencyType": 0,
          "Currency": 0,
          "Context": 0,
          "ItemSetId": 1679982312
        }
      },
      {
        "PurchasableItemId": 790,
        "Type": 0,
        "IsFeatured": false,
        "Prices": [
          {
            "CurrencyType": 2,
            "Price": 850,
            "Type": 0,
            "StorefrontSaleData": null
          }
        ],
        "SubscriberPrices": [
          {
            "CurrencyType": 2,
            "Price": 850,
            "Type": 0,
            "StorefrontSaleData": null
          }
        ],
        "GiftDrop": {
          "GiftDropId": 790,
          "FriendlyName": "Winged Hat (Vintage)",
          "Tooltip": "",
          "ConsumableItemDesc": "",
          "AvatarItemDesc": "fe15ca53-c5b8-4acf-9309-ff3f4e610fc9,nn86ATWxekWdIGlPePPgGQ,njEWOjNEQEWCEqmytodpow,",
          "EquipmentPrefabName": "",
          "EquipmentModificationGuid": "",
          "IsQuery": false,
          "Unique": true,
          "SubscribersOnly": false,
          "Rarity": 30,
          "CurrencyType": 0,
          "Currency": 0,
          "Context": 0,
          "ItemSetId": 1032520349
        }
      },
      {
        "PurchasableItemId": 1066,
        "Type": 0,
        "IsFeatured": false,
        "Prices": [
          {
            "CurrencyType": 2,
            "Price": 700,
            "Type": 0,
            "StorefrontSaleData": null
          }
        ],
        "SubscriberPrices": [
          {
            "CurrencyType": 2,
            "Price": 700,
            "Type": 0,
            "StorefrontSaleData": null
          }
        ],
        "GiftDrop": {
          "GiftDropId": 1066,
          "FriendlyName": "Flowered Dress (Yellow)",
          "Tooltip": "",
          "ConsumableItemDesc": "",
          "AvatarItemDesc": "515dfc36-7f7b-47bc-abee-380d68f41be6,e98c3f98-7844-4d6e-a21c-05027033c18c,2d7361d2-31a2-404b-90da-10e89114e1f2,",
          "EquipmentPrefabName": "",
          "EquipmentModificationGuid": "",
          "IsQuery": false,
          "Unique": true,
          "SubscribersOnly": false,
          "Rarity": 30,
          "CurrencyType": 0,
          "Currency": 0,
          "Context": 0,
          "ItemSetId": 1108816171
        }
      },
      {
        "PurchasableItemId": 1177,
        "Type": 0,
        "IsFeatured": false,
        "Prices": [
          {
            "CurrencyType": 2,
            "Price": 3000,
            "Type": 0,
            "StorefrontSaleData": null
          }
        ],
        "SubscriberPrices": [
          {
            "CurrencyType": 2,
            "Price": 3000,
            "Type": 0,
            "StorefrontSaleData": null
          }
        ],
        "GiftDrop": {
          "GiftDropId": 1177,
          "FriendlyName": "Drum Major Shirt (Green)",
          "Tooltip": "",
          "ConsumableItemDesc": "",
          "AvatarItemDesc": "a6f1825e-1647-4d06-85d7-ac2d139612c0,fe5288bc-0e02-4ea3-b17d-dee0e576979d,b0298c45-0dd1-453e-bad4-41e4656bb38e,",
          "EquipmentPrefabName": "",
          "EquipmentModificationGuid": "",
          "IsQuery": false,
          "Unique": true,
          "SubscribersOnly": false,
          "Rarity": 50,
          "CurrencyType": 0,
          "Currency": 0,
          "Context": 0,
          "ItemSetId": 2128488302
        }
      },
      {
        "PurchasableItemId": 1178,
        "Type": 0,
        "IsFeatured": false,
        "Prices": [
          {
            "CurrencyType": 2,
            "Price": 3000,
            "Type": 0,
            "StorefrontSaleData": null
          }
        ],
        "SubscriberPrices": [
          {
            "CurrencyType": 2,
            "Price": 3000,
            "Type": 0,
            "StorefrontSaleData": null
          }
        ],
        "GiftDrop": {
          "GiftDropId": 1178,
          "FriendlyName": "Drum Major Shirt (Orange)",
          "Tooltip": "",
          "ConsumableItemDesc": "",
          "AvatarItemDesc": "a6f1825e-1647-4d06-85d7-ac2d139612c0,82de1ca3-67d6-454d-84fb-0eeece71fcbc,b0298c45-0dd1-453e-bad4-41e4656bb38e,",
          "EquipmentPrefabName": "",
          "EquipmentModificationGuid": "",
          "IsQuery": false,
          "Unique": true,
          "SubscribersOnly": false,
          "Rarity": 50,
          "CurrencyType": 0,
          "Currency": 0,
          "Context": 0,
          "ItemSetId": 693270587
        }
      },
      {
        "PurchasableItemId": 1715,
        "Type": 0,
        "IsFeatured": false,
        "Prices": [
          {
            "CurrencyType": 2,
            "Price": 100,
            "Type": 0,
            "StorefrontSaleData": null
          }
        ],
        "SubscriberPrices": [
          {
            "CurrencyType": 2,
            "Price": 100,
            "Type": 0,
            "StorefrontSaleData": null
          }
        ],
        "GiftDrop": {
          "GiftDropId": 1715,
          "FriendlyName": "Trucker Cuff (Green)",
          "Tooltip": "",
          "ConsumableItemDesc": "",
          "AvatarItemDesc": "973d84ee-5b88-475c-b579-a76c34a7c533,bgRKH1wfqkWVHcuSnFYnlQ,sHyNs-dpc0-_Ah-HJVczcw,",
          "EquipmentPrefabName": "",
          "EquipmentModificationGuid": "",
          "IsQuery": false,
          "Unique": true,
          "SubscribersOnly": false,
          "Rarity": 10,
          "CurrencyType": 0,
          "Currency": 0,
          "Context": 0,
          "ItemSetId": 321565810
        }
      },
      {
        "PurchasableItemId": 2206,
        "Type": 0,
        "IsFeatured": false,
        "Prices": [
          {
            "CurrencyType": 2,
            "Price": 150,
            "Type": 0,
            "StorefrontSaleData": null
          }
        ],
        "SubscriberPrices": [
          {
            "CurrencyType": 2,
            "Price": 150,
            "Type": 0,
            "StorefrontSaleData": null
          }
        ],
        "GiftDrop": {
          "GiftDropId": 2206,
          "FriendlyName": "KO Icon - Grenade",
          "Tooltip": "When you KO someone this will appear over their head.",
          "ConsumableItemDesc": "EAhk3ZZdXEmH5wRAXXT24Q",
          "AvatarItemDesc": "",
          "EquipmentPrefabName": "",
          "EquipmentModificationGuid": "",
          "IsQuery": false,
          "Unique": false,
          "SubscribersOnly": false,
          "Rarity": 20,
          "CurrencyType": 0,
          "Currency": 0,
          "Context": 110000,
          "ItemSetId": 1694096358
        }
      }
    ],
    "SubscriberDiscountPercent": 0
  },
  {
    "StorefrontType": 300,
    "NextUpdate": "2024-07-09T16:49:38.0111346+00:00",
    "StoreItems": [
      {
        "PurchasableItemId": 2189,
        "Type": 0,
        "IsFeatured": false,
        "Prices": [
          {
            "CurrencyType": 2,
            "Price": 250,
            "Type": 0,
            "StorefrontSaleData": null
          }
        ],
        "SubscriberPrices": [
          {
            "CurrencyType": 2,
            "Price": 250,
            "Type": 0,
            "StorefrontSaleData": null
          }
        ],
        "GiftDrop": {
          "GiftDropId": 2189,
          "FriendlyName": "Assorted Chocolates",
          "Tooltip": "Assorted chocolates to share with friends!",
          "ConsumableItemDesc": "K9RbXo-4U0q6NbGu8VL1Sw",
          "AvatarItemDesc": "",
          "EquipmentPrefabName": "",
          "EquipmentModificationGuid": "",
          "IsQuery": false,
          "Unique": false,
          "SubscribersOnly": false,
          "Rarity": 30,
          "CurrencyType": 0,
          "Currency": 0,
          "Context": 110000,
          "ItemSetId": 140520307
        }
      },
      {
        "PurchasableItemId": 2192,
        "Type": 0,
        "IsFeatured": false,
        "Prices": [
          {
            "CurrencyType": 2,
            "Price": 95,
            "Type": 0,
            "StorefrontSaleData": null
          }
        ],
        "SubscriberPrices": [
          {
            "CurrencyType": 2,
            "Price": 95,
            "Type": 0,
            "StorefrontSaleData": null
          }
        ],
        "GiftDrop": {
          "GiftDropId": 2192,
          "FriendlyName": "Tray of Lattes",
          "Tooltip": "Four hot lattes to share with friends.",
          "ConsumableItemDesc": "P15H1ONBhk-5DYYjid1ttg",
          "AvatarItemDesc": "",
          "EquipmentPrefabName": "",
          "EquipmentModificationGuid": "",
          "IsQuery": false,
          "Unique": false,
          "SubscribersOnly": false,
          "Rarity": 10,
          "CurrencyType": 0,
          "Currency": 0,
          "Context": 110000,
          "ItemSetId": 1067411683
        }
      },
      {
        "PurchasableItemId": 2194,
        "Type": 0,
        "IsFeatured": false,
        "Prices": [
          {
            "CurrencyType": 2,
            "Price": 100,
            "Type": 0,
            "StorefrontSaleData": null
          }
        ],
        "SubscriberPrices": [
          {
            "CurrencyType": 2,
            "Price": 100,
            "Type": 0,
            "StorefrontSaleData": null
          }
        ],
        "GiftDrop": {
          "GiftDropId": 2194,
          "FriendlyName": "Popcorn",
          "Tooltip": "",
          "ConsumableItemDesc": "QRx0aSTT9keMFdAJMQHdTg",
          "AvatarItemDesc": "",
          "EquipmentPrefabName": "",
          "EquipmentModificationGuid": "",
          "IsQuery": false,
          "Unique": false,
          "SubscribersOnly": false,
          "Rarity": 30,
          "CurrencyType": 0,
          "Currency": 0,
          "Context": 110000,
          "ItemSetId": 1782207736
        }
      },
      {
        "PurchasableItemId": 2196,
        "Type": 0,
        "IsFeatured": false,
        "Prices": [
          {
            "CurrencyType": 2,
            "Price": 500,
            "Type": 0,
            "StorefrontSaleData": null
          }
        ],
        "SubscriberPrices": [
          {
            "CurrencyType": 2,
            "Price": 500,
            "Type": 0,
            "StorefrontSaleData": null
          }
        ],
        "GiftDrop": {
          "GiftDropId": 2196,
          "FriendlyName": "Red Velvet Cake",
          "Tooltip": "Eight slices of tasty cake to share with friends.",
          "ConsumableItemDesc": "LwaotjVEBUir0-w8126n_g",
          "AvatarItemDesc": "",
          "EquipmentPrefabName": "",
          "EquipmentModificationGuid": "",
          "IsQuery": false,
          "Unique": false,
          "SubscribersOnly": false,
          "Rarity": 30,
          "CurrencyType": 0,
          "Currency": 0,
          "Context": 110000,
          "ItemSetId": 53545995
        }
      },
      {
        "PurchasableItemId": 2197,
        "Type": 0,
        "IsFeatured": false,
        "Prices": [
          {
            "CurrencyType": 2,
            "Price": 50,
            "Type": 0,
            "StorefrontSaleData": null
          }
        ],
        "SubscriberPrices": [
          {
            "CurrencyType": 2,
            "Price": 50,
            "Type": 0,
            "StorefrontSaleData": null
          }
        ],
        "GiftDrop": {
          "GiftDropId": 2197,
          "FriendlyName": "Root Beer",
          "Tooltip": "A sixer of root beer to share with friends.",
          "ConsumableItemDesc": "JfnVXFmilU6ysv-VbTAe3A",
          "AvatarItemDesc": "",
          "EquipmentPrefabName": "",
          "EquipmentModificationGuid": "",
          "IsQuery": false,
          "Unique": false,
          "SubscribersOnly": false,
          "Rarity": 0,
          "CurrencyType": 0,
          "Currency": 0,
          "Context": 110000,
          "ItemSetId": 1225396143
        }
      },
      {
        "PurchasableItemId": 2198,
        "Type": 0,
        "IsFeatured": false,
        "Prices": [
          {
            "CurrencyType": 2,
            "Price": 75,
            "Type": 0,
            "StorefrontSaleData": null
          }
        ],
        "SubscriberPrices": [
          {
            "CurrencyType": 2,
            "Price": 75,
            "Type": 0,
            "StorefrontSaleData": null
          }
        ],
        "GiftDrop": {
          "GiftDropId": 2198,
          "FriendlyName": "Salted Pretzels",
          "Tooltip": "A great snack to share with friends!",
          "ConsumableItemDesc": "InQ25wQMGkG_bvuD5rf2Ag",
          "AvatarItemDesc": "",
          "EquipmentPrefabName": "",
          "EquipmentModificationGuid": "",
          "IsQuery": false,
          "Unique": false,
          "SubscribersOnly": false,
          "Rarity": 0,
          "CurrencyType": 0,
          "Currency": 0,
          "Context": 110000,
          "ItemSetId": 1847506869
        }
      },
      {
        "PurchasableItemId": 2199,
        "Type": 0,
        "IsFeatured": false,
        "Prices": [
          {
            "CurrencyType": 2,
            "Price": 95,
            "Type": 0,
            "StorefrontSaleData": null
          }
        ],
        "SubscriberPrices": [
          {
            "CurrencyType": 2,
            "Price": 95,
            "Type": 0,
            "StorefrontSaleData": null
          }
        ],
        "GiftDrop": {
          "GiftDropId": 2199,
          "FriendlyName": "Supreme Pizza",
          "Tooltip": "A supreme pizza to share with friends.",
          "ConsumableItemDesc": "wUCIKdJSvEmiQHYMyx4X4w",
          "AvatarItemDesc": "",
          "EquipmentPrefabName": "",
          "EquipmentModificationGuid": "",
          "IsQuery": false,
          "Unique": false,
          "SubscribersOnly": false,
          "Rarity": 20,
          "CurrencyType": 0,
          "Currency": 0,
          "Context": 110000,
          "ItemSetId": 97704879
        }
      },
      {
        "PurchasableItemId": 2200,
        "Type": 0,
        "IsFeatured": false,
        "Prices": [
          {
            "CurrencyType": 2,
            "Price": 750,
            "Type": 0,
            "StorefrontSaleData": null
          }
        ],
        "SubscriberPrices": [
          {
            "CurrencyType": 2,
            "Price": 750,
            "Type": 0,
            "StorefrontSaleData": null
          }
        ],
        "GiftDrop": {
          "GiftDropId": 2200,
          "FriendlyName": "Sushi",
          "Tooltip": "15 piece premium sushi set to share with friends",
          "ConsumableItemDesc": "4My42w1D1Uu3-98pXB-x_Q",
          "AvatarItemDesc": "",
          "EquipmentPrefabName": "",
          "EquipmentModificationGuid": "",
          "IsQuery": false,
          "Unique": false,
          "SubscribersOnly": false,
          "Rarity": 30,
          "CurrencyType": 0,
          "Currency": 0,
          "Context": 110000,
          "ItemSetId": 1176301034
        }
      }
    ],
    "SubscriberDiscountPercent": 0
  }
]