[
    {
        "Name":"349fb95f183c40ea8911fdbdcb38c4fc",
        "Title":"New Free RR+ Item: Future Quiver",
        "Message":"RR+ Members get a free item EACH MONTH! Check out the Merch Booth for the current season's lineup!",
        "RoomNames":[],
        "Context":0,
        "InputType":0,
        "Visibility":0,
        "AllowCycling":true,
        "RestrictToNewUsers":false,
        "ImageName":"2c154336e08b4542aeca15a4f1844183",
        "PlatformMask":-1,
        "CreatedAt":"2022-05-05T20:40:27Z"
    }
]