[
  {
    "Accessibility": 2,
    "CloningAllowed": false,
    "CreatedAt": "2024-06-23T14:35:18.868772",
    "CreatorAccountId": 1,
    "CustomWarning": "",
    "DataBlob": null,
    "Description": "Your private room",
    "DisableMicAutoMute": false,
    "DisableRoomComments": false,
    "EncryptVoiceChat": false,
    "ImageName": "lob2a1gpoxeyo68lz97c7hacj.png",
    "IsDorm": true,
    "IsRRO": false,
    "LoadScreenLocked": false,
    "LoadScreens": [],
    "MaxPlayerCalculationMode": 1,
    "MaxPlayers": 4,
    "MinLevel": 0,
    "Name": "DormRoom",
    "PromoExternalContent": [],
    "PromoImages": [],
    "Roles": [
      {
        "AccountId": 1,
        "Role": 255,
        "InvitedRole": 0
      }
    ],
    "RoomId": 1,
    "State": 0,
    "Stats": {
      "CheerCount": 0,
      "FavoriteCount": 0,
      "VisitorCount": 0,
      "VisitCount": 0
    },
    "SupportsJuniors": true,
    "SupportsLevelVoting": false,
    "SupportsMobile": true,
    "SupportsQuest2": true,
    "SupportsScreens": true,
    "SupportsTeleportVR": true,
    "SupportsVRLow": true,
    "SupportsWalkVR": true,
    "Tags": [],
    "Version": 0,
    "WarningMask": 0
  },
  {
    "Accessibility": 1,
    "CloningAllowed": false,
    "CreatedAt": "2024-02-24T19:11:11.2029552",
    "CreatorAccountId": 1,
    "CustomWarning": "",
    "DataBlob": null,
    "Description": "An introductory tour of Rec Room!",
    "DisableMicAutoMute": false,
    "DisableRoomComments": true,
    "EncryptVoiceChat": false,
    "ImageName": "4w0178z2j8fadgpr1gkph0hw0.png",
    "IsDorm": false,
    "IsRRO": true,
    "LoadScreenLocked": false,
    "LoadScreens": [],
    "MaxPlayerCalculationMode": 1,
    "MaxPlayers": 1,
    "MinLevel": 0,
    "Name": "Orientation",
    "PromoExternalContent": [],
    "PromoImages": [],
    "Roles": [
      {
        "AccountId": 1,
        "Role": 255,
        "InvitedRole": 0
      }
    ],
    "RoomId": 2,
    "State": 0,
    "Stats": {
      "CheerCount": 0,
      "FavoriteCount": 0,
      "VisitorCount": 0,
      "VisitCount": 0
    },
    "SupportsJuniors": true,
    "SupportsLevelVoting": false,
    "SupportsMobile": true,
    "SupportsQuest2": true,
    "SupportsScreens": true,
    "SupportsTeleportVR": true,
    "SupportsVRLow": true,
    "SupportsWalkVR": true,
    "Tags": [
      {
        "Tag": "rro",
        "Type": 3
      }
    ],
    "Version": 0,
    "WarningMask": 0
  },
  {
    "Accessibility": 1,
    "CloningAllowed": false,
    "CreatedAt": "2024-02-24T19:11:11.2029552",
    "CreatorAccountId": 1,
    "CustomWarning": "",
    "DataBlob": null,
    "Description": "A social hub to meet and mingle with friends new and old.",
    "DisableMicAutoMute": false,
    "DisableRoomComments": true,
    "EncryptVoiceChat": false,
    "ImageName": "78aup6c44dgf8whv7ifibzzgi.png",
    "IsDorm": false,
    "IsRRO": true,
    "LoadScreenLocked": false,
    "LoadScreens": [],
    "MaxPlayerCalculationMode": 1,
    "MaxPlayers": 12,
    "MinLevel": 0,
    "Name": "RecCenter",
    "PromoExternalContent": [],
    "PromoImages": [],
    "Roles": [
      {
        "AccountId": 1,
        "Role": 255,
        "InvitedRole": 0
      },
      {
        "AccountId": 2,
        "Role": 30,
        "InvitedRole": 0
      },
      {
        "AccountId": 3,
        "Role": 31,
        "InvitedRole": 0
      }
    ],
    "RoomId": 3,
    "State": 0,
    "Stats": {
      "CheerCount": 0,
      "FavoriteCount": 0,
      "VisitorCount": 0,
      "VisitCount": 0
    },
    "SupportsJuniors": true,
    "SupportsLevelVoting": false,
    "SupportsMobile": true,
    "SupportsQuest2": true,
    "SupportsScreens": true,
    "SupportsTeleportVR": true,
    "SupportsVRLow": true,
    "SupportsWalkVR": true,
    "Tags": [
      {
        "Tag": "beta",
        "Type": 1
      },
      {
        "Tag": "hangout",
        "Type": 0
      },
      {
        "Tag": "rro",
        "Type": 3
      }
    ],
    "Version": 0,
    "WarningMask": 0
  },
  {
    "Accessibility": 2,
    "CloningAllowed": true,
    "CreatedAt": "2024-02-24T19:11:11.2029552",
    "CreatorAccountId": 1,
    "CustomWarning": "",
    "DataBlob": null,
    "Description": "This room is a blank canvas. Make it into whatever you like!",
    "DisableMicAutoMute": false,
    "DisableRoomComments": true,
    "EncryptVoiceChat": false,
    "ImageName": "v2l3r6eu1p5o4hwdk50t5rxt6.png",
    "IsDorm": false,
    "IsRRO": true,
    "LoadScreenLocked": false,
    "LoadScreens": [],
    "MaxPlayerCalculationMode": 1,
    "MaxPlayers": 20,
    "MinLevel": 0,
    "Name": "MakerRoom",
    "PromoExternalContent": [],
    "PromoImages": [],
    "Roles": [
      {
        "AccountId": 1,
        "Role": 255,
        "InvitedRole": 0
      }
    ],
    "RoomId": 4,
    "State": 0,
    "Stats": {
      "CheerCount": 0,
      "FavoriteCount": 0,
      "VisitorCount": 0,
      "VisitCount": 0
    },
    "SupportsJuniors": true,
    "SupportsLevelVoting": false,
    "SupportsMobile": true,
    "SupportsQuest2": true,
    "SupportsScreens": true,
    "SupportsTeleportVR": true,
    "SupportsVRLow": true,
    "SupportsWalkVR": true,
    "Tags": [
      {
        "Tag": "base",
        "Type": 0
      },
      {
        "Tag": "hidden",
        "Type": 0
      }
    ],
    "Version": 0,
    "WarningMask": 0
  },
  {
    "Accessibility": 2,
    "CloningAllowed": false,
    "CreatedAt": "2024-06-26T08:13:27.419427",
    "CreatorAccountId": 2,
    "CustomWarning": "",
    "DataBlob": null,
    "Description": "Your private room",
    "DisableMicAutoMute": false,
    "DisableRoomComments": false,
    "EncryptVoiceChat": false,
    "ImageName": "lob2a1gpoxeyo68lz97c7hacj.png",
    "IsDorm": true,
    "IsRRO": false,
    "LoadScreenLocked": false,
    "LoadScreens": [],
    "MaxPlayerCalculationMode": 1,
    "MaxPlayers": 4,
    "MinLevel": 0,
    "Name": "DormRoom",
    "PromoExternalContent": [],
    "PromoImages": [],
    "Roles": [
      {
        "AccountId": 2,
        "Role": 255,
        "InvitedRole": 0
      }
    ],
    "RoomId": 5,
    "State": 0,
    "Stats": {
      "CheerCount": 0,
      "FavoriteCount": 0,
      "VisitorCount": 0,
      "VisitCount": 0
    },
    "SupportsJuniors": true,
    "SupportsLevelVoting": false,
    "SupportsMobile": true,
    "SupportsQuest2": true,
    "SupportsScreens": true,
    "SupportsTeleportVR": true,
    "SupportsVRLow": true,
    "SupportsWalkVR": true,
    "Tags": [],
    "Version": 0,
    "WarningMask": 0
  },
  {
    "Accessibility": 2,
    "CloningAllowed": false,
    "CreatedAt": "2024-06-27T01:09:55.732760",
    "CreatorAccountId": 3,
    "CustomWarning": "",
    "DataBlob": null,
    "Description": "Your private room",
    "DisableMicAutoMute": false,
    "DisableRoomComments": false,
    "EncryptVoiceChat": false,
    "ImageName": "lob2a1gpoxeyo68lz97c7hacj.png",
    "IsDorm": true,
    "IsRRO": false,
    "LoadScreenLocked": false,
    "LoadScreens": [],
    "MaxPlayerCalculationMode": 1,
    "MaxPlayers": 4,
    "MinLevel": 0,
    "Name": "DormRoom",
    "PromoExternalContent": [],
    "PromoImages": [],
    "Roles": [
      {
        "AccountId": 3,
        "Role": 255,
        "InvitedRole": 0
      }
    ],
    "RoomId": 6,
    "State": 0,
    "Stats": {
      "CheerCount": 0,
      "FavoriteCount": 0,
      "VisitorCount": 0,
      "VisitCount": 0
    },
    "SupportsJuniors": true,
    "SupportsLevelVoting": false,
    "SupportsMobile": true,
    "SupportsQuest2": true,
    "SupportsScreens": true,
    "SupportsTeleportVR": true,
    "SupportsVRLow": true,
    "SupportsWalkVR": true,
    "Tags": [],
    "Version": 0,
    "WarningMask": 0
  },
  {
    "Accessibility": 1,
    "CloningAllowed": false,
    "CreatedAt": "2024-02-24T19:11:11.2029552",
    "CreatorAccountId": 1,
    "CustomWarning": "",
    "DataBlob": null,
    "Description": "A low-key lounge to chill with your friends. Great for private parties!",
    "DisableMicAutoMute": false,
    "DisableRoomComments": true,
    "EncryptVoiceChat": false,
    "ImageName": "3nyfu8wq1aj1amvi8t8gh1ydx.png",
    "IsDorm": false,
    "IsRRO": true,
    "LoadScreenLocked": false,
    "LoadScreens": [],
    "MaxPlayerCalculationMode": 1,
    "MaxPlayers": 12,
    "MinLevel": 0,
    "Name": "Lounge",
    "PromoExternalContent": [],
    "PromoImages": [],
    "Roles": [
      {
        "AccountId": 1,
        "Role": 255,
        "InvitedRole": 0
      }
    ],
    "RoomId": 7,
    "State": 0,
    "Stats": {
      "CheerCount": 0,
      "FavoriteCount": 0,
      "VisitorCount": 0,
      "VisitCount": 0
    },
    "SupportsJuniors": true,
    "SupportsLevelVoting": false,
    "SupportsMobile": true,
    "SupportsQuest2": true,
    "SupportsScreens": true,
    "SupportsTeleportVR": true,
    "SupportsVRLow": true,
    "SupportsWalkVR": true,
    "Tags": [
      {
        "Tag": "hangout",
        "Type": 0
      },
      {
        "Tag": "rro",
        "Type": 3
      }
    ],
    "Version": 0,
    "WarningMask": 0
  },
  {
    "Accessibility": 1,
    "CloningAllowed": false,
    "CreatedAt": "2024-02-24T19:11:11.2029552",
    "CreatorAccountId": 1,
    "CustomWarning": "",
    "DataBlob": null,
    "Description": "Battle it out on Frontier Island. Last person standing wins!",
    "DisableMicAutoMute": false,
    "DisableRoomComments": true,
    "EncryptVoiceChat": false,
    "ImageName": "8ners1eg89dy974ixbim40sky.png",
    "IsDorm": false,
    "IsRRO": true,
    "LoadScreenLocked": false,
    "LoadScreens": [],
    "MaxPlayerCalculationMode": 1,
    "MaxPlayers": 16,
    "MinLevel": 0,
    "Name": "RecRoyaleSolos",
    "PromoExternalContent": [],
    "PromoImages": [],
    "Roles": [
      {
        "AccountId": 1,
        "Role": 255,
        "InvitedRole": 0
      },
      {
        "AccountId": 2,
        "Role": 30,
        "InvitedRole": 0
      }
    ],
    "RoomId": 8,
    "State": 0,
    "Stats": {
      "CheerCount": 0,
      "FavoriteCount": 0,
      "VisitorCount": 0,
      "VisitCount": 0
    },
    "SupportsJuniors": true,
    "SupportsLevelVoting": false,
    "SupportsMobile": true,
    "SupportsQuest2": true,
    "SupportsScreens": true,
    "SupportsTeleportVR": true,
    "SupportsVRLow": true,
    "SupportsWalkVR": true,
    "Tags": [
      {
        "Tag": "recroyale",
        "Type": 1
      },
      {
        "Tag": "pvp",
        "Type": 0
      },
      {
        "Tag": "battleroyale",
        "Type": 0
      },
      {
        "Tag": "rro",
        "Type": 3
      }
    ],
    "Version": 0,
    "WarningMask": 0
  },
  {
    "Accessibility": 1,
    "CloningAllowed": false,
    "CreatedAt": "2024-02-24T19:11:11.2029552",
    "CreatorAccountId": 1,
    "CustomWarning": "",
    "DataBlob": null,
    "Description": "Squads of three battle it out on Frontier Island. Last squad standing wins!",
    "DisableMicAutoMute": false,
    "DisableRoomComments": true,
    "EncryptVoiceChat": false,
    "ImageName": "8ners1eg89dy974ixbim40sky.png",
    "IsDorm": false,
    "IsRRO": true,
    "LoadScreenLocked": false,
    "LoadScreens": [],
    "MaxPlayerCalculationMode": 1,
    "MaxPlayers": 18,
    "MinLevel": 0,
    "Name": "RecRoyaleSquads",
    "PromoExternalContent": [],
    "PromoImages": [],
    "Roles": [
      {
        "AccountId": 1,
        "Role": 255,
        "InvitedRole": 0
      }
    ],
    "RoomId": 9,
    "State": 0,
    "Stats": {
      "CheerCount": 0,
      "FavoriteCount": 0,
      "VisitorCount": 0,
      "VisitCount": 0
    },
    "SupportsJuniors": true,
    "SupportsLevelVoting": false,
    "SupportsMobile": true,
    "SupportsQuest2": true,
    "SupportsScreens": true,
    "SupportsTeleportVR": true,
    "SupportsVRLow": true,
    "SupportsWalkVR": true,
    "Tags": [
      {
        "Tag": "recroyale",
        "Type": 1
      },
      {
        "Tag": "pvp",
        "Type": 0
      },
      {
        "Tag": "battleroyale",
        "Type": 0
      },
      {
        "Tag": "rro",
        "Type": 3
      }
    ],
    "Version": 0,
    "WarningMask": 0
  },
  {
    "Accessibility": 1,
    "CloningAllowed": false,
    "CreatedAt": "2024-02-24T19:11:11.2029552",
    "CreatorAccountId": 1,
    "CustomWarning": "",
    "DataBlob": null,
    "Description": "Teams battle each other and waves of robots.",
    "DisableMicAutoMute": false,
    "DisableRoomComments": true,
    "EncryptVoiceChat": false,
    "ImageName": "4xy3n0voagf6t9bbfnxft1txt.png",
    "IsDorm": false,
    "IsRRO": true,
    "LoadScreenLocked": false,
    "LoadScreens": [],
    "MaxPlayerCalculationMode": 1,
    "MaxPlayers": 8,
    "MinLevel": 0,
    "Name": "LaserTag",
    "PromoExternalContent": [],
    "PromoImages": [],
    "Roles": [
      {
        "AccountId": 1,
        "Role": 255,
        "InvitedRole": 0
      }
    ],
    "RoomId": 10,
    "State": 0,
    "Stats": {
      "CheerCount": 0,
      "FavoriteCount": 0,
      "VisitorCount": 0,
      "VisitCount": 0
    },
    "SupportsJuniors": true,
    "SupportsLevelVoting": false,
    "SupportsMobile": true,
    "SupportsQuest2": true,
    "SupportsScreens": true,
    "SupportsTeleportVR": true,
    "SupportsVRLow": true,
    "SupportsWalkVR": true,
    "Tags": [
      {
        "Tag": "lasertag",
        "Type": 1
      },
      {
        "Tag": "pvp",
        "Type": 0
      },
      {
        "Tag": "4v4",
        "Type": 0
      },
      {
        "Tag": "rro",
        "Type": 3
      }
    ],
    "Version": 0,
    "WarningMask": 0
  },
  {
    "Accessibility": 1,
    "CloningAllowed": false,
    "CreatedAt": "2024-02-24T19:11:11.2029552",
    "CreatorAccountId": 1,
    "CustomWarning": "",
    "DataBlob": null,
    "Description": "Teams of three run around slamming themselves into an over-sized soccer ball. Goal!",
    "DisableMicAutoMute": false,
    "DisableRoomComments": true,
    "EncryptVoiceChat": false,
    "ImageName": "4xy3n0voagf6t9bbfnxft1txt.png",
    "IsDorm": false,
    "IsRRO": true,
    "LoadScreenLocked": false,
    "LoadScreens": [],
    "MaxPlayerCalculationMode": 1,
    "MaxPlayers": 8,
    "MinLevel": 0,
    "Name": "Soccer",
    "PromoExternalContent": [],
    "PromoImages": [],
    "Roles": [
      {
        "AccountId": 1,
        "Role": 255,
        "InvitedRole": 0
      }
    ],
    "RoomId": 11,
    "State": 0,
    "Stats": {
      "CheerCount": 0,
      "FavoriteCount": 0,
      "VisitorCount": 0,
      "VisitCount": 0
    },
    "SupportsJuniors": true,
    "SupportsLevelVoting": false,
    "SupportsMobile": true,
    "SupportsQuest2": true,
    "SupportsScreens": true,
    "SupportsTeleportVR": true,
    "SupportsVRLow": true,
    "SupportsWalkVR": true,
    "Tags": [
      {
        "Tag": "soccer",
        "Type": 1
      },
      {
        "Tag": "3v3",
        "Type": 0
      },
      {
        "Tag": "sports",
        "Type": 0
      },
      {
        "Tag": "rro",
        "Type": 3
      }
    ],
    "Version": 0,
    "WarningMask": 0
  },
  {
    "Accessibility": 2,
    "CloningAllowed": false,
    "CreatedAt": "2024-06-27T07:32:24.102998",
    "CreatorAccountId": 4,
    "CustomWarning": "",
    "DataBlob": null,
    "Description": "Your private room",
    "DisableMicAutoMute": false,
    "DisableRoomComments": false,
    "EncryptVoiceChat": false,
    "ImageName": "lob2a1gpoxeyo68lz97c7hacj.png",
    "IsDorm": true,
    "IsRRO": false,
    "LoadScreenLocked": false,
    "LoadScreens": [],
    "MaxPlayerCalculationMode": 1,
    "MaxPlayers": 4,
    "MinLevel": 0,
    "Name": "DormRoom",
    "PromoExternalContent": [],
    "PromoImages": [],
    "Roles": [
      {
        "AccountId": 4,
        "Role": 255,
        "InvitedRole": 0
      }
    ],
    "RoomId": 12,
    "State": 0,
    "Stats": {
      "CheerCount": 0,
      "FavoriteCount": 0,
      "VisitorCount": 0,
      "VisitCount": 0
    },
    "SupportsJuniors": true,
    "SupportsLevelVoting": false,
    "SupportsMobile": true,
    "SupportsQuest2": true,
    "SupportsScreens": true,
    "SupportsTeleportVR": true,
    "SupportsVRLow": true,
    "SupportsWalkVR": true,
    "Tags": [],
    "Version": 0,
    "WarningMask": 0
  },
  {
    "Accessibility": 2,
    "CloningAllowed": false,
    "CreatedAt": "2024-06-27T16:16:39.089048",
    "CreatorAccountId": 5,
    "CustomWarning": "",
    "DataBlob": null,
    "Description": "Your private room",
    "DisableMicAutoMute": false,
    "DisableRoomComments": false,
    "EncryptVoiceChat": false,
    "ImageName": "lob2a1gpoxeyo68lz97c7hacj.png",
    "IsDorm": true,
    "IsRRO": false,
    "LoadScreenLocked": false,
    "LoadScreens": [],
    "MaxPlayerCalculationMode": 1,
    "MaxPlayers": 4,
    "MinLevel": 0,
    "Name": "DormRoom",
    "PromoExternalContent": [],
    "PromoImages": [],
    "Roles": [
      {
        "AccountId": 5,
        "Role": 255,
        "InvitedRole": 0
      }
    ],
    "RoomId": 13,
    "State": 0,
    "Stats": {
      "CheerCount": 0,
      "FavoriteCount": 0,
      "VisitorCount": 0,
      "VisitCount": 0
    },
    "SupportsJuniors": true,
    "SupportsLevelVoting": false,
    "SupportsMobile": true,
    "SupportsQuest2": true,
    "SupportsScreens": true,
    "SupportsTeleportVR": true,
    "SupportsVRLow": true,
    "SupportsWalkVR": true,
    "Tags": [],
    "Version": 0,
    "WarningMask": 0
  },
  {
    "Accessibility": 1,
    "CloningAllowed": false,
    "CreatedAt": "2024-02-24T19:11:11.2029552",
    "CreatorAccountId": 1,
    "CustomWarning": "",
    "DataBlob": null,
    "Description": "Battle it out on Frontier Island. Last person standing wins!",
    "DisableMicAutoMute": false,
    "DisableRoomComments": true,
    "EncryptVoiceChat": false,
    "ImageName": "8ners1eg89dy974ixbim40sky.png",
    "IsDorm": false,
    "IsRRO": false,
    "LoadScreenLocked": false,
    "LoadScreens": [],
    "MaxPlayerCalculationMode": 1,
    "MaxPlayers": 16,
    "MinLevel": 0,
    "Name": "RecRoyaleUGC",
    "PromoExternalContent": [],
    "PromoImages": [],
    "Roles": [
      {
        "AccountId": 1,
        "Role": 255,
        "InvitedRole": 0
      },
      {
        "AccountId": 2,
        "Role": 30,
        "InvitedRole": 0
      },
      {
        "AccountId": 2,
        "Role": 31,
        "InvitedRole": 0
      }
    ],
    "RoomId": 14,
    "State": 0,
    "Stats": {
      "CheerCount": 0,
      "FavoriteCount": 0,
      "VisitorCount": 0,
      "VisitCount": 0
    },
    "SupportsJuniors": true,
    "SupportsLevelVoting": false,
    "SupportsMobile": true,
    "SupportsQuest2": true,
    "SupportsScreens": true,
    "SupportsTeleportVR": true,
    "SupportsVRLow": true,
    "SupportsWalkVR": true,
    "Tags": [
      {
        "Tag": "recroyale",
        "Type": 1
      },
      {
        "Tag": "pvp",
        "Type": 0
      },
      {
        "Tag": "battleroyale",
        "Type": 0
      },
      {
        "Tag": "rro",
        "Type": 3
      }
    ],
    "Version": 0,
    "WarningMask": 0
  },
  {
    "Accessibility": 2,
    "CloningAllowed": false,
    "CreatedAt": "2024-07-02T00:24:31.208700",
    "CreatorAccountId": 6,
    "CustomWarning": "",
    "DataBlob": null,
    "Description": "Your private room",
    "DisableMicAutoMute": false,
    "DisableRoomComments": false,
    "EncryptVoiceChat": false,
    "ImageName": "lob2a1gpoxeyo68lz97c7hacj.png",
    "IsDorm": true,
    "IsRRO": false,
    "LoadScreenLocked": false,
    "LoadScreens": [],
    "MaxPlayerCalculationMode": 1,
    "MaxPlayers": 4,
    "MinLevel": 0,
    "Name": "DormRoom",
    "PromoExternalContent": [],
    "PromoImages": [],
    "Roles": [
      {
        "AccountId": 6,
        "Role": 255,
        "InvitedRole": 0
      }
    ],
    "RoomId": 15,
    "State": 0,
    "Stats": {
      "CheerCount": 0,
      "FavoriteCount": 0,
      "VisitorCount": 0,
      "VisitCount": 0
    },
    "SupportsJuniors": true,
    "SupportsLevelVoting": false,
    "SupportsMobile": true,
    "SupportsQuest2": true,
    "SupportsScreens": true,
    "SupportsTeleportVR": true,
    "SupportsVRLow": true,
    "SupportsWalkVR": true,
    "Tags": [],
    "Version": 0,
    "WarningMask": 0
  },
  {
    "Accessibility": 2,
    "CloningAllowed": false,
    "CreatedAt": "2024-07-02T08:39:17.650389",
    "CreatorAccountId": 7,
    "CustomWarning": "",
    "DataBlob": null,
    "Description": "Your private room",
    "DisableMicAutoMute": false,
    "DisableRoomComments": false,
    "EncryptVoiceChat": false,
    "ImageName": "lob2a1gpoxeyo68lz97c7hacj.png",
    "IsDorm": true,
    "IsRRO": false,
    "LoadScreenLocked": false,
    "LoadScreens": [],
    "MaxPlayerCalculationMode": 1,
    "MaxPlayers": 4,
    "MinLevel": 0,
    "Name": "DormRoom",
    "PromoExternalContent": [],
    "PromoImages": [],
    "Roles": [
      {
        "AccountId": 7,
        "Role": 255,
        "InvitedRole": 0
      }
    ],
    "RoomId": 16,
    "State": 0,
    "Stats": {
      "CheerCount": 0,
      "FavoriteCount": 0,
      "VisitorCount": 0,
      "VisitCount": 0
    },
    "SupportsJuniors": true,
    "SupportsLevelVoting": false,
    "SupportsMobile": true,
    "SupportsQuest2": true,
    "SupportsScreens": true,
    "SupportsTeleportVR": true,
    "SupportsVRLow": true,
    "SupportsWalkVR": true,
    "Tags": [],
    "Version": 0,
    "WarningMask": 0
  },
  {
    "Accessibility": 2,
    "CloningAllowed": false,
    "CreatedAt": "2024-07-02T19:10:04.103532",
    "CreatorAccountId": 8,
    "CustomWarning": "",
    "DataBlob": null,
    "Description": "Your private room",
    "DisableMicAutoMute": false,
    "DisableRoomComments": false,
    "EncryptVoiceChat": false,
    "ImageName": "lob2a1gpoxeyo68lz97c7hacj.png",
    "IsDorm": true,
    "IsRRO": false,
    "LoadScreenLocked": false,
    "LoadScreens": [],
    "MaxPlayerCalculationMode": 1,
    "MaxPlayers": 4,
    "MinLevel": 0,
    "Name": "DormRoom",
    "PromoExternalContent": [],
    "PromoImages": [],
    "Roles": [
      {
        "AccountId": 8,
        "Role": 255,
        "InvitedRole": 0
      }
    ],
    "RoomId": 17,
    "State": 0,
    "Stats": {
      "CheerCount": 0,
      "FavoriteCount": 0,
      "VisitorCount": 0,
      "VisitCount": 0
    },
    "SupportsJuniors": true,
    "SupportsLevelVoting": false,
    "SupportsMobile": true,
    "SupportsQuest2": true,
    "SupportsScreens": true,
    "SupportsTeleportVR": true,
    "SupportsVRLow": true,
    "SupportsWalkVR": true,
    "Tags": [],
    "Version": 0,
    "WarningMask": 0
  },
  {
    "Accessibility": 2,
    "CloningAllowed": false,
    "CreatedAt": "2024-07-02T16:51:02.724500",
    "CreatorAccountId": 2,
    "CustomWarning": "",
    "DataBlob": null,
    "Description": "Your private room",
    "DisableMicAutoMute": false,
    "DisableRoomComments": false,
    "EncryptVoiceChat": false,
    "ImageName": "lob2a1gpoxeyo68lz97c7hacj.png",
    "IsDorm": true,
    "IsRRO": false,
    "LoadScreenLocked": false,
    "LoadScreens": [],
    "MaxPlayerCalculationMode": 1,
    "MaxPlayers": 4,
    "MinLevel": 0,
    "Name": "DormRoom",
    "PromoExternalContent": [],
    "PromoImages": [],
    "Roles": [
      {
        "AccountId": 2,
        "Role": 255,
        "InvitedRole": 0
      }
    ],
    "RoomId": 18,
    "State": 0,
    "Stats": {
      "CheerCount": 0,
      "FavoriteCount": 0,
      "VisitorCount": 0,
      "VisitCount": 0
    },
    "SupportsJuniors": true,
    "SupportsLevelVoting": false,
    "SupportsMobile": true,
    "SupportsQuest2": true,
    "SupportsScreens": true,
    "SupportsTeleportVR": true,
    "SupportsVRLow": true,
    "SupportsWalkVR": true,
    "Tags": [],
    "Version": 0,
    "WarningMask": 0
  },
  {
    "Accessibility": 2,
    "CloningAllowed": false,
    "CreatedAt": "2024-06-23T14:35:18.868772",
    "CreatorAccountId": 1,
    "CustomWarning": "OFFICAL ROOM",
    "DataBlob": null,
    "Description": "idk",
    "DisableMicAutoMute": false,
    "DisableRoomComments": false,
    "EncryptVoiceChat": false,
    "ImageName": "lob2a1gpoxeyo68lz97c7hacj.png",
    "IsDorm": false,
    "IsRRO": true,
    "LoadScreenLocked": false,
    "LoadScreens": [],
    "MaxPlayerCalculationMode": 1,
    "MaxPlayers": 8,
    "MinLevel": 0,
    "Name": "Screen Room",
    "PromoExternalContent": [],
    "PromoImages": [],
    "Roles": [
      {
        "AccountId": 2,
        "Role": 255,
        "InvitedRole": 0
      }
    ],
    "RoomId": 1,
    "State": 0,
    "Stats": {
      "CheerCount": 0,
      "FavoriteCount": 0,
      "VisitorCount": 0,
      "VisitCount": 0
    },
    "SupportsJuniors": true,
    "SupportsLevelVoting": false,
    "SupportsMobile": true,
    "SupportsQuest2": true,
    "SupportsScreens": true,
    "SupportsTeleportVR": true,
    "SupportsVRLow": true,
    "SupportsWalkVR": true,
    "Tags": [],
    "Version": 0,
    "WarningMask": 0
  },
  {
    "Accessibility": 2,
    "CloningAllowed": false,
    "CreatedAt": "2024-07-03T02:54:22.886075",
    "CreatorAccountId": 3,
    "CustomWarning": "",
    "DataBlob": null,
    "Description": "Your private room",
    "DisableMicAutoMute": false,
    "DisableRoomComments": false,
    "EncryptVoiceChat": false,
    "ImageName": "lob2a1gpoxeyo68lz97c7hacj.png",
    "IsDorm": true,
    "IsRRO": false,
    "LoadScreenLocked": false,
    "LoadScreens": [],
    "MaxPlayerCalculationMode": 1,
    "MaxPlayers": 4,
    "MinLevel": 0,
    "Name": "DormRoom",
    "PromoExternalContent": [],
    "PromoImages": [],
    "Roles": [
      {
        "AccountId": 3,
        "Role": 255,
        "InvitedRole": 0
      }
    ],
    "RoomId": 19,
    "State": 0,
    "Stats": {
      "CheerCount": 0,
      "FavoriteCount": 0,
      "VisitorCount": 0,
      "VisitCount": 0
    },
    "SupportsJuniors": true,
    "SupportsLevelVoting": false,
    "SupportsMobile": true,
    "SupportsQuest2": true,
    "SupportsScreens": true,
    "SupportsTeleportVR": true,
    "SupportsVRLow": true,
    "SupportsWalkVR": true,
    "Tags": [],
    "Version": 0,
    "WarningMask": 0
  }
]