[
    {
        "Accessibility": 1,
        "AccessibilityLocked": false,
        "CheerCount": 6262,
        "CommentCount": 66,
        "CreatedAt": "2024-06-17T01:57:59.967Z",
        "Description": "my dawg cuh",
        "Id": 616563782,
        "ImageName": "f1w39v3so9v8nmpyn8ww5f8kj.jpg",
        "PlayerEventId": null,
        "PlayerId": 4213153,
        "RoomId": 558011494282369883,
        "TaggedPlayerIds": [
            4213153
        ],
        "Type": 1
    },
    {
        "Accessibility": 1,
        "AccessibilityLocked": false,
        "CheerCount": 3390,
        "CommentCount": 36,
        "CreatedAt": "2024-06-17T22:34:45.821Z",
        "Description": "Swimming in Chilling Depths Lake (it's a misnomer, don't worry) with my pet Sasquatch!",
        "Id": 616981694,
        "ImageName": "4qr37r8go69vxv78ka60fad11.jpg",
        "PlayerEventId": null,
        "PlayerId": 9942509,
        "RoomId": 558011494282369883,
        "TaggedPlayerIds": [
            9942509
        ],
        "Type": 1
    },
    {
        "Accessibility": 1,
        "AccessibilityLocked": false,
        "CheerCount": 2692,
        "CommentCount": 21,
        "CreatedAt": "2024-06-14T04:14:41.189Z",
        "Description": "I'm Feeding My Monster 😊👌",
        "Id": 614909261,
        "ImageName": "329v9v23q6xrb66zbc3o2ayly.jpg",
        "PlayerEventId": null,
        "PlayerId": 15831595,
        "RoomId": 558011494282369883,
        "TaggedPlayerIds": [
            15831595
        ],
        "Type": 1
    }
]