[
  {
    "SubRoomId": 1,
    "RoomId": 1,
    "Name": "Home",
    "DataBlob": "",
    "IsSandbox": true,
    "MaxPlayers": 4,
    "Accessibility": 1,
    "UnitySceneId": "76d98498-60a1-430c-ab76-b54a29b7a163",
    "SavedByAccountId": -1
  },
  {
    "SubRoomId": 2,
    "RoomId": 2,
    "Name": "Home",
    "DataBlob": "",
    "IsSandbox": true,
    "MaxPlayers": 1,
    "Accessibility": 1,
    "UnitySceneId": "c79709d8-a31b-48aa-9eb8-cc31ba9505e8",
    "SavedByAccountId": -1
  },
  {
    "SubRoomId": 3,
    "RoomId": 3,
    "Name": "Home",
    "DataBlob": null,
    "IsSandbox": false,
    "MaxPlayers": 12,
    "Accessibility": 1,
    "UnitySceneId": "cbad71af-0831-44d8-b8ef-69edafa841f6",
    "SavedByAccountId": 1
  },
  {
    "SubRoomId": 4,
    "RoomId": 4,
    "Name": "Home",
    "DataBlob": "",
    "IsSandbox": false,
    "MaxPlayers": 12,
    "Accessibility": 1,
    "UnitySceneId": "65ddbb48-5a01-4e3e-972d-e5c7419e2bc3",
    "SavedByAccountId": -1
  },
  {
    "SubRoomId": 5,
    "RoomId": 5,
    "Name": "Home",
    "DataBlob": "",
    "IsSandbox": true,
    "MaxPlayers": 4,
    "Accessibility": 1,
    "UnitySceneId": "76d98498-60a1-430c-ab76-b54a29b7a163",
    "SavedByAccountId": -1
  },
  {
    "SubRoomId": 6,
    "RoomId": 6,
    "Name": "Home",
    "DataBlob": "",
    "IsSandbox": true,
    "MaxPlayers": 4,
    "Accessibility": 1,
    "UnitySceneId": "76d98498-60a1-430c-ab76-b54a29b7a163",
    "SavedByAccountId": -1
  },
  {
    "SubRoomId": 7,
    "RoomId": 7,
    "Name": "Home",
    "DataBlob": null,
    "IsSandbox": true,
    "MaxPlayers": 12,
    "Accessibility": 1,
    "UnitySceneId": "a067557f-ca32-43e6-b6e5-daaec60b4f5a",
    "SavedByAccountId": -1
  },
  {
    "SubRoomId": 8,
    "RoomId": 8,
    "Name": "Home",
    "DataBlob": null,
    "IsSandbox": false,
    "MaxPlayers": 16,
    "Accessibility": 1,
    "UnitySceneId": "b010171f-4875-4e89-baba-61e878cd41e1",
    "SavedByAccountId": -1
  },
  {
    "SubRoomId": 9,
    "RoomId": 9,
    "Name": "Home",
    "DataBlob": null,
    "IsSandbox": false,
    "MaxPlayers": 18,
    "Accessibility": 1,
    "UnitySceneId": "253fa009-6e65-4c90-91a1-7137a56a267f",
    "SavedByAccountId": 1
  },
  {
    "SubRoomId": 10,
    "RoomId": 10,
    "Name": "Hangar",
    "DataBlob": null,
    "IsSandbox": false,
    "MaxPlayers": 8,
    "Accessibility": 1,
    "UnitySceneId": "239e676c-f12f-489f-bf3a-d4c383d692c3",
    "SavedByAccountId": 1
  },
  {
    "SubRoomId": 11,
    "RoomId": 10,
    "Name": "CyberJunkCity",
    "DataBlob": null,
    "IsSandbox": false,
    "MaxPlayers": 8,
    "Accessibility": 1,
    "UnitySceneId": "9d6456ce-6264-48b4-808d-2d96b3d91038",
    "SavedByAccountId": 1
  },
  {
    "SubRoomId": 12,
    "RoomId": 11,
    "Name": "Home",
    "DataBlob": null,
    "IsSandbox": false,
    "MaxPlayers": 8,
    "Accessibility": 1,
    "UnitySceneId": "6d5eea4b-f069-4ed0-9916-0e2f07df0d03",
    "SavedByAccountId": 1
  },
  {
    "SubRoomId": 13,
    "RoomId": 12,
    "Name": "Home",
    "DataBlob": "",
    "IsSandbox": true,
    "MaxPlayers": 4,
    "Accessibility": 1,
    "UnitySceneId": "76d98498-60a1-430c-ab76-b54a29b7a163",
    "SavedByAccountId": 1
  },
  {
    "SubRoomId": 14,
    "RoomId": 13,
    "Name": "Home",
    "DataBlob": "",
    "IsSandbox": true,
    "MaxPlayers": 4,
    "Accessibility": 1,
    "UnitySceneId": "76d98498-60a1-430c-ab76-b54a29b7a163",
    "SavedByAccountId": 1
  },
  {
    "SubRoomId": 15,
    "RoomId": 14,
    "Name": "Home",
    "DataBlob": null,
    "IsSandbox": false,
    "MaxPlayers": 16,
    "Accessibility": 1,
    "UnitySceneId": "a16bfd31-ffb9-46ac-a199-362c163130c0",
    "SavedByAccountId": 1
  },
  {
    "SubRoomId": 16,
    "RoomId": 15,
    "Name": "Home",
    "DataBlob": "",
    "IsSandbox": true,
    "MaxPlayers": 4,
    "Accessibility": 1,
    "UnitySceneId": "76d98498-60a1-430c-ab76-b54a29b7a163",
    "SavedByAccountId": 1
  },
  {
    "SubRoomId": 17,
    "RoomId": 16,
    "Name": "Home",
    "DataBlob": "",
    "IsSandbox": true,
    "MaxPlayers": 4,
    "Accessibility": 1,
    "UnitySceneId": "76d98498-60a1-430c-ab76-b54a29b7a163",
    "SavedByAccountId": 1
  },
  {
    "SubRoomId": 18,
    "RoomId": 17,
    "Name": "Home",
    "DataBlob": "",
    "IsSandbox": true,
    "MaxPlayers": 4,
    "Accessibility": 1,
    "UnitySceneId": "76d98498-60a1-430c-ab76-b54a29b7a163",
    "SavedByAccountId": 1
  },
  {
    "SubRoomId": 19,
    "RoomId": 18,
    "Name": "Home",
    "DataBlob": "",
    "IsSandbox": true,
    "MaxPlayers": 4,
    "Accessibility": 1,
    "UnitySceneId": "76d98498-60a1-430c-ab76-b54a29b7a163",
    "SavedByAccountId": 1
  },
  {
    "SubRoomId": 20,
    "RoomId": 19,
    "Name": "Home",
    "DataBlob": "",
    "IsSandbox": true,
    "MaxPlayers": 4,
    "Accessibility": 1,
    "UnitySceneId": "76d98498-60a1-430c-ab76-b54a29b7a163",
    "SavedByAccountId": 1
  },
  {
    "SubRoomId": 20,
    "RoomId": 19,
    "Name": "Home",
    "DataBlob": "",
    "IsSandbox": true,
    "MaxPlayers": 4,
    "Accessibility": 1,
    "UnitySceneId": "cbad71af-0831-44d8-b8ef-69edafa841f6",
    "SavedByAccountId": 1
  },
  {
    "SubRoomId": 21,
    "RoomId": 20,
    "Name": "Home",
    "DataBlob": "",
    "IsSandbox": true,
    "MaxPlayers": 4,
    "Accessibility": 1,
    "UnitySceneId": "76d98498-60a1-430c-ab76-b54a29b7a163",
    "SavedByAccountId": -1
  }
]