[
  {
    "id": 1,
    "giftsData": []
  },
  {
    "id": 2,
    "giftsData": []
  },
  {
    "id": 3,
    "giftsData": []
  },
  {
    "id": 4,
    "giftsData": []
  },
  {
    "id": 5,
    "giftsData": []
  },
  {
    "id": 6,
    "giftsData": []
  },
  {
    "id": 7,
    "giftsData": []
  },
  {
    "id": 8,
    "giftsData": []
  },
  {
    "id": 2,
    "giftsData": []
  },
  {
    "id": 3,
    "giftsData": []
  },
  {
    "id": 4,
    "giftsData": []
  }
]