{
  "Results": [
    {
      "SubRoomDataSaveId": 198558642,
      "SubRoomId": 6750183311781148995,
      "UnityAssetId": "c76ec337-8f59-4529-99d1-e5357a7652b8",
      "DataBlob": "e21rqds83nfqlumfrfvqx9flr.room",
      "DataBlobHash": "Mwl93b+SJSbUvHTg+jzVgN5pfAkyVPWdwLX1CYJmXME=",
      "PersistenceVersion": 158,
      "OMVersion": 0,
      "SavedByAccountId": 12875090,
      "SavedOnPlatform": 0,
      "SavedOnDeviceClass": 2,
      "Description": "Looking at why role assignment isnt working",
      "ModerationState": 0,
      "CreatedAt": "2025-01-13T00:16:24.1216932Z"
    },
    {
      "SubRoomDataSaveId": 198468022,
      "SubRoomId": 6750183311781148995,
      "UnityAssetId": "c76ec337-8f59-4529-99d1-e5357a7652b8",
      "DataBlob": "0uu4q9q2ocufzrhmeijfs3as9.room",
      "DataBlobHash": "TVM/lv+F0eTEieoO9i3umj6Xd/Ime9W6Aako85jWIk0=",
      "PersistenceVersion": 158,
      "OMVersion": 0,
      "SavedByAccountId": 12875090,
      "SavedOnPlatform": 0,
      "SavedOnDeviceClass": 2,
      "Description": "Non-object reliant Match Data",
      "ModerationState": 0,
      "CreatedAt": "2025-01-12T12:35:20.9058011Z"
    },
    {
      "SubRoomDataSaveId": 198467508,
      "SubRoomId": 6750183311781148995,
      "UnityAssetId": "c76ec337-8f59-4529-99d1-e5357a7652b8",
      "DataBlob": "dh0ouo3m15ei1ofg86zxga8zs.room",
      "DataBlobHash": "EcS9M7JZdv5bydVU7KSxPmfZqlbFNFJBsft+215zFhY=",
      "PersistenceVersion": 158,
      "OMVersion": 0,
      "SavedByAccountId": 12875090,
      "SavedOnPlatform": 0,
      "SavedOnDeviceClass": 2,
      "Description": "",
      "ModerationState": 0,
      "CreatedAt": "2025-01-12T12:27:04.7932993Z"
    },
    {
      "SubRoomDataSaveId": 198467173,
      "SubRoomId": 6750183311781148995,
      "UnityAssetId": "c76ec337-8f59-4529-99d1-e5357a7652b8",
      "DataBlob": "058fcb4ri62c4hy67vp1ywc4y.room",
      "DataBlobHash": "NIHDuCZVRreqg2wMmc6af5BxCjDjiXXeNHuknurfUaI=",
      "PersistenceVersion": 158,
      "OMVersion": 0,
      "SavedByAccountId": 12875090,
      "SavedOnPlatform": 0,
      "SavedOnDeviceClass": 2,
      "Description": "",
      "ModerationState": 0,
      "CreatedAt": "2025-01-12T12:21:25.0677504Z"
    },
    {
      "SubRoomDataSaveId": 198466585,
      "SubRoomId": 6750183311781148995,
      "UnityAssetId": "c76ec337-8f59-4529-99d1-e5357a7652b8",
      "DataBlob": "3nvgomvwh2p509orxip8a9lyp.room",
      "DataBlobHash": "rS3pMzzpE/f3hWvslJE+VTFpQfVNLnz2G9O2OwwwNpc=",
      "PersistenceVersion": 158,
      "OMVersion": 0,
      "SavedByAccountId": 12875090,
      "SavedOnPlatform": 0,
      "SavedOnDeviceClass": 2,
      "Description": "",
      "ModerationState": 0,
      "CreatedAt": "2025-01-12T12:11:57.1274071Z"
    },
    {
      "SubRoomDataSaveId": 198455939,
      "SubRoomId": 6750183311781148995,
      "UnityAssetId": "c76ec337-8f59-4529-99d1-e5357a7652b8",
      "DataBlob": "42jbl9p55j2fu4osxr9lwpcxf.room",
      "DataBlobHash": "fZi2mrjUzmj0E3tdYEejsd1v7C3x/LATOcgoWeoaGig=",
      "PersistenceVersion": 158,
      "OMVersion": 0,
      "SavedByAccountId": 12875090,
      "SavedOnPlatform": 0,
      "SavedOnDeviceClass": 2,
      "Description": "",
      "ModerationState": 0,
      "CreatedAt": "2025-01-12T08:55:00.8479342Z"
    },
    {
      "SubRoomDataSaveId": 198452343,
      "SubRoomId": 6750183311781148995,
      "UnityAssetId": "c76ec337-8f59-4529-99d1-e5357a7652b8",
      "DataBlob": "0d5qwsgpgclk0w8ily9372fod.room",
      "DataBlobHash": "Wa86MrB/2x+E2YbSMFxgiqSaIpL2RkBklfJwXlpeHXw=",
      "PersistenceVersion": 158,
      "OMVersion": 0,
      "SavedByAccountId": 12875090,
      "SavedOnPlatform": 0,
      "SavedOnDeviceClass": 2,
      "Description": "",
      "ModerationState": 0,
      "CreatedAt": "2025-01-12T07:42:52.6485696Z"
    },
    {
      "SubRoomDataSaveId": 198449572,
      "SubRoomId": 6750183311781148995,
      "UnityAssetId": "c76ec337-8f59-4529-99d1-e5357a7652b8",
      "DataBlob": "5am94jso4xs0sqr1avuxeyt3l.room",
      "DataBlobHash": "btX28VNICdNJN+rB7EJfNPy6TTDCHH6VTSlx9pjyFfw=",
      "PersistenceVersion": 158,
      "OMVersion": 0,
      "SavedByAccountId": 12875090,
      "SavedOnPlatform": null,
      "SavedOnDeviceClass": null,
      "Description": null,
      "ModerationState": 0,
      "CreatedAt": "2025-01-12T06:57:49.1602244Z"
    },
    {
      "SubRoomDataSaveId": 198430908,
      "SubRoomId": 6750183311781148995,
      "UnityAssetId": "3eb0033c-289b-4ec9-98a8-8ea1ed5161a4",
      "DataBlob": "dwz8wylyntas67eyogofhdp16.room",
      "DataBlobHash": "hmCVjYAN5TPFyQsRs67VRrJ8+/HwJ8lN70dbo6NuIxs=",
      "PersistenceVersion": 158,
      "OMVersion": 0,
      "SavedByAccountId": 12875090,
      "SavedOnPlatform": null,
      "SavedOnDeviceClass": null,
      "Description": null,
      "ModerationState": 0,
      "CreatedAt": "2025-01-12T03:26:16.5921046Z"
    },
    {
      "SubRoomDataSaveId": 198412277,
      "SubRoomId": 6750183311781148995,
      "UnityAssetId": "094cbc6f-a69b-43dc-8510-ce0eff12fd49",
      "DataBlob": "eif4nl5zne7w66rgtv4s51jug.room",
      "DataBlobHash": "9+vGYjhIjgueqM1oAMzzziAKdZ+d3S2XGI+X1XLEMoo=",
      "PersistenceVersion": 158,
      "OMVersion": 0,
      "SavedByAccountId": 12875090,
      "SavedOnPlatform": null,
      "SavedOnDeviceClass": null,
      "Description": "Fixed Action Log hud, finally figured out body interactions. Need to figure out Cleaning and XP/Clues",
      "ModerationState": 0,
      "CreatedAt": "2025-01-12T01:03:51.5776171Z"
    },
    {
      "SubRoomDataSaveId": 198193359,
      "SubRoomId": 6750183311781148995,
      "UnityAssetId": "9adbdaf7-5dc0-4989-931f-7e1c844da708",
      "DataBlob": "3hls8i0kirvqvrobhr5644m0p.room",
      "DataBlobHash": "9m9c5HTLa7Hr5Sk+U+KP6oBldBDJIvniqulP7dEELUQ=",
      "PersistenceVersion": 158,
      "OMVersion": 0,
      "SavedByAccountId": 12875090,
      "SavedOnPlatform": null,
      "SavedOnDeviceClass": null,
      "Description": "Working on body interactions",
      "ModerationState": 0,
      "CreatedAt": "2025-01-10T10:53:25.7787111Z"
    },
    {
      "SubRoomDataSaveId": 198147249,
      "SubRoomId": 6750183311781148995,
      "UnityAssetId": "cb3735fa-f26a-40a1-95d5-f8aacdfa58d8",
      "DataBlob": "0wgbe3764ibyqkw0sk6zrww87.room",
      "DataBlobHash": "uUmiS1uAv9kgqxmtYGMR1IQfc/WuevW4qzERQ5TcS9Y=",
      "PersistenceVersion": 158,
      "OMVersion": 0,
      "SavedByAccountId": 12875090,
      "SavedOnPlatform": null,
      "SavedOnDeviceClass": null,
      "Description": "Baked navmesh, anticheat works with new navmesh + [TEMP] Removed rec room object script from tiles",
      "ModerationState": 0,
      "CreatedAt": "2025-01-09T23:06:08.9221139Z"
    },
    {
      "SubRoomDataSaveId": 198098731,
      "SubRoomId": 6750183311781148995,
      "UnityAssetId": "f7608236-feb3-48f4-8eb2-26f5f58a7640",
      "DataBlob": "9sppgue2fequyrior8cieimst.room",
      "DataBlobHash": "GxEDLmqH15wRVy7ih6wN+4EJCR19XCU3VM+ofwVaTso=",
      "PersistenceVersion": 158,
      "OMVersion": 0,
      "SavedByAccountId": 12875090,
      "SavedOnPlatform": null,
      "SavedOnDeviceClass": null,
      "Description": "Making some changes to the placeholder assets to try and bake the navmesh. Not sure why considering the anticheat is not a priority rn",
      "ModerationState": 0,
      "CreatedAt": "2025-01-09T09:39:08.4654159Z"
    },
    {
      "SubRoomDataSaveId": 198092731,
      "SubRoomId": 6750183311781148995,
      "UnityAssetId": "09d6e942-8d82-49cd-9265-7e9a109a7191",
      "DataBlob": "cpzct867tlcvccnxi6qnh1g09.room",
      "DataBlobHash": "s7qOm3+liETl9EQzPe3hGIE+SAVCTfXo0xBrmhBq4KI=",
      "PersistenceVersion": 158,
      "OMVersion": 0,
      "SavedByAccountId": 12875090,
      "SavedOnPlatform": 0,
      "SavedOnDeviceClass": 2,
      "Description": "Updated data table 'Death Table'",
      "ModerationState": 0,
      "CreatedAt": "2025-01-09T06:02:38.4278966Z"
    },
    {
      "SubRoomDataSaveId": 198092475,
      "SubRoomId": 6750183311781148995,
      "UnityAssetId": "09d6e942-8d82-49cd-9265-7e9a109a7191",
      "DataBlob": "2uzibjn6ajncg8vp7h9ukvljt.room",
      "DataBlobHash": "9p+mYA5d1Du5HdOy5nl6R4qcKviuVxJ6zrnB24ADUvM=",
      "PersistenceVersion": 158,
      "OMVersion": 0,
      "SavedByAccountId": 12875090,
      "SavedOnPlatform": 0,
      "SavedOnDeviceClass": 2,
      "Description": "Updated data table 'Win Condition Table'",
      "ModerationState": 0,
      "CreatedAt": "2025-01-09T05:55:41.4903194Z"
    },
    {
      "SubRoomDataSaveId": 198092462,
      "SubRoomId": 6750183311781148995,
      "UnityAssetId": "09d6e942-8d82-49cd-9265-7e9a109a7191",
      "DataBlob": "6u2tgr3ygiq69vg9gxx71vtuq.room",
      "DataBlobHash": "Ojyn9RWj9Dnt+MJ9/iIJiJKvWCtILyfTxhQPD4t2UPY=",
      "PersistenceVersion": 158,
      "OMVersion": 0,
      "SavedByAccountId": 12875090,
      "SavedOnPlatform": 0,
      "SavedOnDeviceClass": 2,
      "Description": "Updated data table 'Win Condition Table'",
      "ModerationState": 0,
      "CreatedAt": "2025-01-09T05:55:11.2977541Z"
    },
    {
      "SubRoomDataSaveId": 197723572,
      "SubRoomId": 6750183311781148995,
      "UnityAssetId": "09d6e942-8d82-49cd-9265-7e9a109a7191",
      "DataBlob": "8ja6jmaasl5tgvtwa80ldnid2.room",
      "DataBlobHash": "1zSRZONu+6lRn9ixgdCtHU0HYhV+GBAh2J4vHpmxcaw=",
      "PersistenceVersion": 158,
      "OMVersion": 0,
      "SavedByAccountId": 12875090,
      "SavedOnPlatform": null,
      "SavedOnDeviceClass": null,
      "Description": "Mansion is ready for new tilesets. LOD's + Occlusion Culling added",
      "ModerationState": 0,
      "CreatedAt": "2025-01-05T20:38:38.6511627Z"
    },
    {
      "SubRoomDataSaveId": 197692109,
      "SubRoomId": 6750183311781148995,
      "UnityAssetId": "2e014626-5020-495c-970b-8068e514e46c",
      "DataBlob": "a70j9vyzkuw515fzodmu1v8vl.room",
      "DataBlobHash": "GbEzuG93O9tyq5QZIB03SMcQu35/Kx0zTfzC4sdOEDw=",
      "PersistenceVersion": 158,
      "OMVersion": 0,
      "SavedByAccountId": 12875090,
      "SavedOnPlatform": null,
      "SavedOnDeviceClass": null,
      "Description": "Replaced mansion. Removing old assets",
      "ModerationState": 0,
      "CreatedAt": "2025-01-05T17:03:29.265549Z"
    },
    {
      "SubRoomDataSaveId": 197549340,
      "SubRoomId": 6750183311781148995,
      "UnityAssetId": "ee8313a0-d820-4c3a-ae26-853deefda156",
      "DataBlob": "8pzj9phhj0yb39kdtc8j96bzy.room",
      "DataBlobHash": "D920xMiKj7LRBnwVJrSxekKnjZ8nC+7zcJTXUuPNXC0=",
      "PersistenceVersion": 158,
      "OMVersion": 0,
      "SavedByAccountId": 12875090,
      "SavedOnPlatform": null,
      "SavedOnDeviceClass": null,
      "Description": "More LOD Groups, not done",
      "ModerationState": 0,
      "CreatedAt": "2025-01-04T18:29:14.9680895Z"
    },
    {
      "SubRoomDataSaveId": 197359004,
      "SubRoomId": 6750183311781148995,
      "UnityAssetId": "ef7b7446-11f0-4f27-8151-c1cb5ebafab4",
      "DataBlob": "27f4om95egh4fukeiouvn377e.room",
      "DataBlobHash": "6CWK8E7ZHXK6qgRVUA1Chjwl3kqTp4vo3VkpJrimt4M=",
      "PersistenceVersion": 158,
      "OMVersion": 0,
      "SavedByAccountId": 12875090,
      "SavedOnPlatform": null,
      "SavedOnDeviceClass": null,
      "Description": "Removed studio script from Mansion Light",
      "ModerationState": 0,
      "CreatedAt": "2025-01-03T11:25:16.0841998Z"
    },
    {
      "SubRoomDataSaveId": 197317893,
      "SubRoomId": 6750183311781148995,
      "UnityAssetId": "0b926953-1f83-44ec-ab44-d6a4fd5057e4",
      "DataBlob": "5qagmddd40qv1wdjrctwwu6lc.room",
      "DataBlobHash": "lbxnOcmxjYec+WdBbUyEyzh692WcH5ryOVbWsCySZrA=",
      "PersistenceVersion": 158,
      "OMVersion": 0,
      "SavedByAccountId": 12875090,
      "SavedOnPlatform": null,
      "SavedOnDeviceClass": null,
      "Description": "Fully replacing lights. Still cant fix HDR issue",
      "ModerationState": 0,
      "CreatedAt": "2025-01-03T02:32:18.5025005Z"
    },
    {
      "SubRoomDataSaveId": 197279747,
      "SubRoomId": 6750183311781148995,
      "UnityAssetId": "c0c4cdce-43f9-4bcc-877d-8b8b0a4fb4ca",
      "DataBlob": "ahqngl71j4z4phzrjd94fyqz8.room",
      "DataBlobHash": "sPkuWixSwPNwyxQXk63WViQTDMTXeJz5v18b5v0071s=",
      "PersistenceVersion": 158,
      "OMVersion": 0,
      "SavedByAccountId": 12875090,
      "SavedOnPlatform": null,
      "SavedOnDeviceClass": null,
      "Description": "Uploading to create new project (HDR Material issue)",
      "ModerationState": 0,
      "CreatedAt": "2025-01-02T22:08:46.0802235Z"
    },
    {
      "SubRoomDataSaveId": 197245921,
      "SubRoomId": 6750183311781148995,
      "UnityAssetId": "51481bba-03da-48fa-a075-5befb986ff66",
      "DataBlob": "awkdodmf23fs18fpqiy72vymu.room",
      "DataBlobHash": "NpGhwnIEdqk0E3QW97fNubTv/gje24bbhYQyh0cQkdE=",
      "PersistenceVersion": 158,
      "OMVersion": 0,
      "SavedByAccountId": 12875090,
      "SavedOnPlatform": null,
      "SavedOnDeviceClass": null,
      "Description": null,
      "ModerationState": 0,
      "CreatedAt": "2025-01-02T18:25:18.7743362Z"
    },
    {
      "SubRoomDataSaveId": 197217458,
      "SubRoomId": 6750183311781148995,
      "UnityAssetId": "151e48e0-85b8-4387-8ee9-a6e0c23767f6",
      "DataBlob": "1fa95xy778ckv55kx3urbg0vf.room",
      "DataBlobHash": "TMAFJOgRPvs25cdgQElQeGM6cHXjZNZB0SeHhEIOyDk=",
      "PersistenceVersion": 158,
      "OMVersion": 0,
      "SavedByAccountId": 12875090,
      "SavedOnPlatform": null,
      "SavedOnDeviceClass": null,
      "Description": "Latest test save. Not sure what changes have been saved",
      "ModerationState": 0,
      "CreatedAt": "2025-01-02T13:41:52.584265Z"
    },
    {
      "SubRoomDataSaveId": 197061284,
      "SubRoomId": 6750183311781148995,
      "UnityAssetId": "4a57b6ba-49e9-40ff-865f-31fff9fad49c",
      "DataBlob": "dwxy570x1tj0wp42t6ywugk07.room",
      "DataBlobHash": "WCGntvCrErBQcNbexh1OYsL+iSQpPvlf+bi0Sn3N9zM=",
      "PersistenceVersion": 158,
      "OMVersion": 0,
      "SavedByAccountId": 12875090,
      "SavedOnPlatform": null,
      "SavedOnDeviceClass": null,
      "Description": null,
      "ModerationState": 0,
      "CreatedAt": "2025-01-01T12:15:19.6354161Z"
    },
    {
      "SubRoomDataSaveId": 196916760,
      "SubRoomId": 6750183311781148995,
      "UnityAssetId": "24fc2f1e-e59c-4789-9e70-2c77b023a409",
      "DataBlob": "65z446uczyfymgvu3j07vq0ao.room",
      "DataBlobHash": "xEF8QdnsQV7mlAR5m4jk8dtQpNWWSMrh19fXaTzZ2kk=",
      "PersistenceVersion": 158,
      "OMVersion": 0,
      "SavedByAccountId": 12875090,
      "SavedOnPlatform": null,
      "SavedOnDeviceClass": null,
      "Description": null,
      "ModerationState": 0,
      "CreatedAt": "2024-12-31T12:22:36.9108925Z"
    },
    {
      "SubRoomDataSaveId": 196756664,
      "SubRoomId": 6750183311781148995,
      "UnityAssetId": "8008ed18-591a-48ad-813d-69521365559b",
      "DataBlob": "0g9a2b2sc0jf6rz704y05j6gj.room",
      "DataBlobHash": "E7rkHunM9LMuJY3D1E7OJVzUNNK+o9rtsN+WqIjQmyE=",
      "PersistenceVersion": 158,
      "OMVersion": 0,
      "SavedByAccountId": 12875090,
      "SavedOnPlatform": 0,
      "SavedOnDeviceClass": 2,
      "Description": "Pretty sure blackout works, time to add sabotage cooldowns",
      "ModerationState": 0,
      "CreatedAt": "2024-12-30T08:55:29.0355331Z"
    },
    {
      "SubRoomDataSaveId": 196632701,
      "SubRoomId": 6750183311781148995,
      "UnityAssetId": "8008ed18-591a-48ad-813d-69521365559b",
      "DataBlob": "bnp0w1pzruyydj9pgkadv66nz.room",
      "DataBlobHash": "z4mcMta4A2rHUeor2E/9+65XB9LlY0MHRYce73F//PU=",
      "PersistenceVersion": 158,
      "OMVersion": 0,
      "SavedByAccountId": 12875090,
      "SavedOnPlatform": 0,
      "SavedOnDeviceClass": 2,
      "Description": "More blackout progress",
      "ModerationState": 0,
      "CreatedAt": "2024-12-29T14:52:52.5373686Z"
    },
    {
      "SubRoomDataSaveId": 196497305,
      "SubRoomId": 6750183311781148995,
      "UnityAssetId": "8008ed18-591a-48ad-813d-69521365559b",
      "DataBlob": "7azukvg6kt96autuaawoj6c4u.room",
      "DataBlobHash": "tV1elVmMd3uKeMpvKwCtD/gwMTZtXNu+kMLbkzCOtTM=",
      "PersistenceVersion": 158,
      "OMVersion": 0,
      "SavedByAccountId": 12875090,
      "SavedOnPlatform": 0,
      "SavedOnDeviceClass": 2,
      "Description": "Alot more progress on blackout, tired, finishing tommorow",
      "ModerationState": 0,
      "CreatedAt": "2024-12-28T15:35:44.1847608Z"
    },
    {
      "SubRoomDataSaveId": 196492552,
      "SubRoomId": 6750183311781148995,
      "UnityAssetId": "8008ed18-591a-48ad-813d-69521365559b",
      "DataBlob": "1y8bwodkdu8aqefild2kjsw8c.room",
      "DataBlobHash": "FyUHKUFu7PIWJml6rTzG5Lj9yZz2shlWzhHU9q7901k=",
      "PersistenceVersion": 158,
      "OMVersion": 0,
      "SavedByAccountId": 12875090,
      "SavedOnPlatform": 0,
      "SavedOnDeviceClass": 2,
      "Description": "New Rate Limit function",
      "ModerationState": 0,
      "CreatedAt": "2024-12-28T14:38:22.4551032Z"
    },
    {
      "SubRoomDataSaveId": 196486295,
      "SubRoomId": 6750183311781148995,
      "UnityAssetId": "8008ed18-591a-48ad-813d-69521365559b",
      "DataBlob": "2wveah3ijrbivp3s2yt2fxjih.room",
      "DataBlobHash": "NFHk4GvmNVsOkA/c5QRsZQBPviO9nkU3B2B9tDXt4bY=",
      "PersistenceVersion": 158,
      "OMVersion": 0,
      "SavedByAccountId": 12875090,
      "SavedOnPlatform": 0,
      "SavedOnDeviceClass": 2,
      "Description": "Progress on GlobalEvents Logic replacing Blackout Logic ",
      "ModerationState": 0,
      "CreatedAt": "2024-12-28T13:06:17.511053Z"
    },
    {
      "SubRoomDataSaveId": 196482244,
      "SubRoomId": 6750183311781148995,
      "UnityAssetId": "8008ed18-591a-48ad-813d-69521365559b",
      "DataBlob": "6o32trwkqje2wfr5tuesyktez.room",
      "DataBlobHash": "huR8dg2RFjNzrEH/1Nj51ewQchs2NvUJ/iSs1CqHFrw=",
      "PersistenceVersion": 158,
      "OMVersion": 0,
      "SavedByAccountId": 12875090,
      "SavedOnPlatform": 0,
      "SavedOnDeviceClass": 2,
      "Description": "Updated data table 'Sabotage Interactions'",
      "ModerationState": 0,
      "CreatedAt": "2024-12-28T11:47:55.3471779Z"
    },
    {
      "SubRoomDataSaveId": 196476684,
      "SubRoomId": 6750183311781148995,
      "UnityAssetId": "8008ed18-591a-48ad-813d-69521365559b",
      "DataBlob": "1fklz3h0w7ag0eac497gq2813.room",
      "DataBlobHash": "y8ahKE1Pjhgv89cFud7rGHeBrlBF4krQtGevVoH7/Gg=",
      "PersistenceVersion": 158,
      "OMVersion": 0,
      "SavedByAccountId": 12875090,
      "SavedOnPlatform": 0,
      "SavedOnDeviceClass": 2,
      "Description": "Working on GlobalEvents",
      "ModerationState": 0,
      "CreatedAt": "2024-12-28T10:00:25.3231295Z"
    },
    {
      "SubRoomDataSaveId": 196474341,
      "SubRoomId": 6750183311781148995,
      "UnityAssetId": "8008ed18-591a-48ad-813d-69521365559b",
      "DataBlob": "dtqinhm1ivkn5x93sapkkk2cw.room",
      "DataBlobHash": "Z9fbZBFADMgTh1IvD4oNht6r9BkbMejYtktlki8+uhk=",
      "PersistenceVersion": 158,
      "OMVersion": 0,
      "SavedByAccountId": 12875090,
      "SavedOnPlatform": 0,
      "SavedOnDeviceClass": 2,
      "Description": "Updated data table 'Sabotage Interactions'",
      "ModerationState": 0,
      "CreatedAt": "2024-12-28T09:14:21.846712Z"
    },
    {
      "SubRoomDataSaveId": 196453764,
      "SubRoomId": 6750183311781148995,
      "UnityAssetId": "8008ed18-591a-48ad-813d-69521365559b",
      "DataBlob": "dlht8rbwshgd4iyj8ejfyxi81.room",
      "DataBlobHash": "6KJCA6+EUdD10KG5QcUbZ7NXA6rfSAwWVH24jnIQ7gQ=",
      "PersistenceVersion": 158,
      "OMVersion": 0,
      "SavedByAccountId": 12875090,
      "SavedOnPlatform": 0,
      "SavedOnDeviceClass": 2,
      "Description": "Updated data table 'Sabotage Interactions'",
      "ModerationState": 0,
      "CreatedAt": "2024-12-28T04:14:15.2439008Z"
    },
    {
      "SubRoomDataSaveId": 196453426,
      "SubRoomId": 6750183311781148995,
      "UnityAssetId": "8008ed18-591a-48ad-813d-69521365559b",
      "DataBlob": "4xc8i8lcwkic1t9eev2v30ix1.room",
      "DataBlobHash": "al4sD9zlfhOOVHx95zPaiXvEsFOQqScAQ/DNOO/tmE0=",
      "PersistenceVersion": 158,
      "OMVersion": 0,
      "SavedByAccountId": 12875090,
      "SavedOnPlatform": 0,
      "SavedOnDeviceClass": 2,
      "Description": "Updated data table 'Sabotage Interactions'",
      "ModerationState": 0,
      "CreatedAt": "2024-12-28T04:10:36.5444044Z"
    },
    {
      "SubRoomDataSaveId": 196451529,
      "SubRoomId": 6750183311781148995,
      "UnityAssetId": "8008ed18-591a-48ad-813d-69521365559b",
      "DataBlob": "7fml6nbah1w0zqk4xhuvgpsub.room",
      "DataBlobHash": "QQgRJRIaaVSsVavRqUWqmGYTqYO1s6NNIzCLfzXXg4o=",
      "PersistenceVersion": 158,
      "OMVersion": 0,
      "SavedByAccountId": 12875090,
      "SavedOnPlatform": null,
      "SavedOnDeviceClass": null,
      "Description": "Added Skydome",
      "ModerationState": 0,
      "CreatedAt": "2024-12-28T03:52:12.2019066Z"
    },
    {
      "SubRoomDataSaveId": 196450488,
      "SubRoomId": 6750183311781148995,
      "UnityAssetId": "5fe77d25-3cf9-4529-a24d-3c03b205dec7",
      "DataBlob": "4xgsbcibtxti786le2w19pdgh.room",
      "DataBlobHash": "loxWQi3JNFoJ1L4U1Wo2i13ZQfkNe10x9qBXgn5fAcE=",
      "PersistenceVersion": 158,
      "OMVersion": 0,
      "SavedByAccountId": 12875090,
      "SavedOnPlatform": null,
      "SavedOnDeviceClass": null,
      "Description": null,
      "ModerationState": 2,
      "CreatedAt": "2024-12-28T03:41:51.7048968Z"
    }
  ],
  "TotalResults": 38
}