[
    {
        "CIVPEMESQAIUBLZHXUNA": "test",
        "BHPRHUDFBWZCEIJFVQHG": "test 2",
        "JLKHCENUKAWFUMUGOBOS": "imgName",
        "NLZGBCXTQDCXNQYNWMSZ": [
            {
                "XABBIXTJPMRVUDZURJSQ": "name",
                "DXLCSNGZJQYZCJCCHKAQ": 1,
                "GKDQCTIXPBRUUTAORXFX": "blobName",
                "TCUGHHWOAWGHMQYQAZNY": "",
                "UnityAssetId": null
            }
        ]
    },
    {
        "CIVPEMESQAIUBLZHXUNA": "Showdown",
        "BHPRHUDFBWZCEIJFVQHG": "Deputies and Bandits fight each other for control of Sarsaparilla Springs in a 3v3 Team Battle.",
        "JLKHCENUKAWFUMUGOBOS": "imgName",
        "NLZGBCXTQDCXNQYNWMSZ": [
            {
                "XABBIXTJPMRVUDZURJSQ": "SD_Archive_11_29_2022_STABLE",
                "DXLCSNGZJQYZCJCCHKAQ": 1,
                "GKDQCTIXPBRUUTAORXFX": "e45vok0ppp89hda6n1xrm4z16.room",
                "TCUGHHWOAWGHMQYQAZNY": "a75f7547-79eb-47c6-8986-6767abcb4f92",
                "UnityAssetId": "58784cb3-204c-47e0-9cf3-23a76b94ae90"
            }
        ]
    },
    {
        "CIVPEMESQAIUBLZHXUNA": "Murder",
        "BHPRHUDFBWZCEIJFVQHG": "The original Tudor Mansion. Up to 26 players can join a glamorous party until a blackout strikes, allowing one player who is the Murderer to murder one victim at a time every blackout, until 5 victims are claimed, or until either the detective arrests the Murderer, or the innocents find the light switch 5 times.",
        "JLKHCENUKAWFUMUGOBOS": "imgName",
        "NLZGBCXTQDCXNQYNWMSZ": [
            {
                "XABBIXTJPMRVUDZURJSQ": "DustyMansion",
                "DXLCSNGZJQYZCJCCHKAQ": 1,
                "GKDQCTIXPBRUUTAORXFX": "eedb0dc19ab14067be02a402c0a51c68.room",
                "TCUGHHWOAWGHMQYQAZNY": "a75f7547-79eb-47c6-8986-6767abcb4f92",
                "UnityAssetId": null
            }
        ]
    },
    {
        "CIVPEMESQAIUBLZHXUNA": "MurderV2",
        "BHPRHUDFBWZCEIJFVQHG": "The original Tudor Mansion. Up to 26 players can join a glamorous party until a blackout strikes, allowing one player who is the Murderer to murder one victim at a time every blackout, until 5 victims are claimed, or until either the detective arrests the Murderer, or the innocents find the light switch 5 times.",
        "JLKHCENUKAWFUMUGOBOS": "imgName",
        "NLZGBCXTQDCXNQYNWMSZ": [
            {
                "XABBIXTJPMRVUDZURJSQ": "test",
                "DXLCSNGZJQYZCJCCHKAQ": 1,
                "GKDQCTIXPBRUUTAORXFX": "7i2vsqzl890qef241zyudn75t.room",
                "TCUGHHWOAWGHMQYQAZNY": "a75f7547-79eb-47c6-8986-6767abcb4f92",
                "UnityAssetId": null
            }
        ]
    }
]